立法委員,影片編號,影片日期,影片標題,觀看網址,影片資訊
丁守中,79649,"2015-01-19 11:27:33",立法院第8屆第6會期經濟委員會第19次全體委員會議,http://ivod.ly.gov.tw/Play/VOD/79649/1M,8/2748/201501/20150119_112733.json
丁守中,79564,"2015-01-14 10:41:08",立法院第8屆第6會期經濟、司法及法制兩委員會第1次聯席會議,http://ivod.ly.gov.tw/Play/VOD/79564/1M,8/2748/201501/20150114_104108.json
丁守中,79491,"2015-01-12 09:36:01",立法院第8屆第6會期經濟、財政兩委員會第1次聯席會議,http://ivod.ly.gov.tw/Play/VOD/79491/1M,8/2748/201501/20150112_093601.json
丁守中,79331,"2015-01-07 10:33:02",立法院第8屆第6會期經濟委員會第18次全體委員會議,http://ivod.ly.gov.tw/Play/VOD/79331/1M,8/2748/201501/20150107_103302.json
孔文吉,79590,"2015-01-15 09:36:18",立法院第8屆第6會期教育及文化委員會第22次全體委員會議,http://ivod.ly.gov.tw/Play/VOD/79590/1M,8/2749/201501/20150115_093618.json
孔文吉,79532,"2015-01-12 16:34:43",立法院第8屆第6會期內政委員會第34次全體委員會議,http://ivod.ly.gov.tw/Play/VOD/79532/1M,8/2749/201501/20150112_163443.json
孔文吉,79474,"2015-01-12 09:20:55",立法院第8屆第6會期司法及法制、教育及文化委員會第1次聯席會議,http://ivod.ly.gov.tw/Play/VOD/79474/1M,8/2749/201501/20150112_092055.json
孔文吉,79462,"2015-01-09 09:25:32",第8屆第6會期第17次會議,http://ivod.ly.gov.tw/Play/VOD/79462/1M,8/2749/201501/20150109_092532.json
孔文吉,79317,"2015-01-07 09:46:56",立法院第8屆第6會期教育及文化委員會第21次全體委員會議,http://ivod.ly.gov.tw/Play/VOD/79317/1M,8/2749/201501/20150107_094656.json
尤美女,79753,"2015-01-23 22:04:53",第8屆第6會期第19次會議,http://ivod.ly.gov.tw/Play/VOD/79753/1M,8/2739/201501/20150123_220453.json
尤美女,79751,"2015-01-23 19:20:54",第8屆第6會期第19次會議,http://ivod.ly.gov.tw/Play/VOD/79751/1M,8/2739/201501/20150123_192054.json
尤美女,79750,"2015-01-23 19:06:59",第8屆第6會期第19次會議,http://ivod.ly.gov.tw/Play/VOD/79750/1M,8/2739/201501/20150123_190659.json
尤美女,79748,"2015-01-23 17:51:37",第8屆第6會期第19次會議,http://ivod.ly.gov.tw/Play/VOD/79748/1M,8/2739/201501/20150123_175137.json
尤美女,79745,"2015-01-23 16:08:29",第8屆第6會期第19次會議,http://ivod.ly.gov.tw/Play/VOD/79745/1M,8/2739/201501/20150123_160829.json
尤美女,79738,"2015-01-22 17:06:06",第8屆第6會期第19次會議,http://ivod.ly.gov.tw/Play/VOD/79738/1M,8/2739/201501/20150122_170606.json
尤美女,79646,"2015-01-19 12:13:47",立法院第8屆第6會期內政、司法及法制委員會第4次聯席會議,http://ivod.ly.gov.tw/Play/VOD/79646/1M,8/2739/201501/20150119_121347.json
尤美女,79579,"2015-01-14 14:35:58",立法院第8屆第6會期內政、司法及法制委員會第2次聯席會議,http://ivod.ly.gov.tw/Play/VOD/79579/1M,8/2739/201501/20150114_143558.json
尤美女,79565,"2015-01-14 10:41:45",立法院第8屆第6會期司法及法制委員會第26次全體委員會議,http://ivod.ly.gov.tw/Play/VOD/79565/1M,8/2739/201501/20150114_104145.json
尤美女,79497,"2015-01-12 10:46:09",立法院第8屆第6會期司法及法制、教育及文化委員會第1次聯席會議,http://ivod.ly.gov.tw/Play/VOD/79497/1M,8/2739/201501/20150112_104609.json
尤美女,79278,"2015-01-05 10:16:17",立法院第8屆第6會期司法及法制委員會第24次全體委員會議,http://ivod.ly.gov.tw/Play/VOD/79278/1M,8/2739/201501/20150105_101617.json
尤美女,79280,"2015-01-05 09:09:03",立法院第8屆第6會期司法及法制委員會第24次全體委員會議,http://ivod.ly.gov.tw/Play/VOD/79280/1M,8/2739/201501/20150105_090903.json
王廷升,79658,"2015-01-19 13:32:42",立法院第8屆第6會期經濟委員會第19次全體委員會議,http://ivod.ly.gov.tw/Play/VOD/79658/1M,8/2732/201501/20150119_133242.json
王廷升,79623,"2015-01-16 09:18:28",第8屆第6會期第18次會議,http://ivod.ly.gov.tw/Play/VOD/79623/1M,8/2732/201501/20150116_091828.json
王育敏,79754,"2015-01-23 22:07:23",第8屆第6會期第19次會議,http://ivod.ly.gov.tw/Play/VOD/79754/1M,8/2755/201501/20150123_220723.json
王育敏,79746,"2015-01-23 17:11:50",第8屆第6會期第19次會議,http://ivod.ly.gov.tw/Play/VOD/79746/1M,8/2755/201501/20150123_171150.json
王育敏,79744,"2015-01-23 16:06:14",第8屆第6會期第19次會議,http://ivod.ly.gov.tw/Play/VOD/79744/1M,8/2755/201501/20150123_160614.json
王育敏,79741,"2015-01-23 14:18:06",第8屆第6會期第19次會議,http://ivod.ly.gov.tw/Play/VOD/79741/1M,8/2755/201501/20150123_141806.json
王育敏,79681,"2015-01-20 17:17:00",第8屆第6會期第18次會議,http://ivod.ly.gov.tw/Play/VOD/79681/1M,8/2755/201501/20150120_171700.json
王育敏,79544,"2015-01-13 17:09:52",第8屆第6會期第17次會議,http://ivod.ly.gov.tw/Play/VOD/79544/1M,8/2755/201501/20150113_170952.json
王育敏,79453,"2015-01-08 16:47:36",立法院第8屆第6會期社會福利及衛生環境委員會第30次全體委員會議,http://ivod.ly.gov.tw/Play/VOD/79453/1M,8/2755/201501/20150108_164736.json
王育敏,79340,"2015-01-07 10:24:23",立法院第8屆第6會期社會福利及衛生環境委員會第29次全體委員會議,http://ivod.ly.gov.tw/Play/VOD/79340/1M,8/2755/201501/20150107_102423.json
王惠美,79722,"2015-01-21 11:30:51",立法院第8屆第6會期經濟委員會第19次全體委員會議,http://ivod.ly.gov.tw/Play/VOD/79722/1M,8/2738/201501/20150121_113051.json
王惠美,79648,"2015-01-19 11:13:54",立法院第8屆第6會期經濟委員會第19次全體委員會議,http://ivod.ly.gov.tw/Play/VOD/79648/1M,8/2738/201501/20150119_111354.json
王惠美,79622,"2015-01-16 09:15:23",第8屆第6會期第18次會議,http://ivod.ly.gov.tw/Play/VOD/79622/1M,8/2738/201501/20150116_091523.json
王惠美,79519,"2015-01-12 12:15:23",立法院第8屆第6會期經濟、財政兩委員會第1次聯席會議,http://ivod.ly.gov.tw/Play/VOD/79519/1M,8/2738/201501/20150112_121523.json
王惠美,79371,"2015-01-07 11:02:47",立法院第8屆第6會期經濟委員會第18次全體委員會議,http://ivod.ly.gov.tw/Play/VOD/79371/1M,8/2738/201501/20150107_110247.json
王進士,79547,"2015-01-13 17:13:24",第8屆第6會期第17次會議,http://ivod.ly.gov.tw/Play/VOD/79547/1M,8/2828/201501/20150113_171324.json
王進士,79363,"2015-01-07 11:30:21",立法院第8屆第6會期交通委員會第14次全體委員會議,http://ivod.ly.gov.tw/Play/VOD/79363/1M,8/2828/201501/20150107_113021.json
王進士,79259,"2015-01-05 11:50:21",立法院第8屆第6會期交通委員會第14次全體委員會議議事日程,http://ivod.ly.gov.tw/Play/VOD/79259/1M,8/2828/201501/20150105_115021.json
田秋堇,79743,"2015-01-23 14:59:11",第8屆第6會期第19次會議,http://ivod.ly.gov.tw/Play/VOD/79743/1M,8/2751/201501/20150123_145911.json
田秋堇,79735,"2015-01-22 20:16:27",第8屆第6會期第19次會議,http://ivod.ly.gov.tw/Play/VOD/79735/1M,8/2751/201501/20150122_201627.json
田秋堇,79733,"2015-01-22 19:56:26",第8屆第6會期第19次會議,http://ivod.ly.gov.tw/Play/VOD/79733/1M,8/2751/201501/20150122_195626.json
田秋堇,79727,"2015-01-21 12:38:35",立法院第8屆第6會期經濟委員會第19次全體委員會議,http://ivod.ly.gov.tw/Play/VOD/79727/1M,8/2751/201501/20150121_123835.json
田秋堇,79454,"2015-01-08 16:56:59",立法院第8屆第6會期社會福利及衛生環境委員會第30次全體委員會議,http://ivod.ly.gov.tw/Play/VOD/79454/1M,8/2751/201501/20150108_165659.json
田秋堇,79435,"2015-01-08 11:06:43",立法院第8屆第6會期教育及文化委員會第21次全體委員會議,http://ivod.ly.gov.tw/Play/VOD/79435/1M,8/2751/201501/20150108_110643.json
田秋堇,79357,"2015-01-07 11:03:41",立法院第8屆第6會期社會福利及衛生環境委員會第29次全體委員會議,http://ivod.ly.gov.tw/Play/VOD/79357/1M,8/2751/201501/20150107_110341.json
江啟臣,79726,"2015-01-21 12:25:04",立法院第8屆第6會期經濟委員會第19次全體委員會議,http://ivod.ly.gov.tw/Play/VOD/79726/1M,8/2756/201501/20150121_122504.json
江啟臣,79601,"2015-01-15 10:32:24",立法院第8屆第6會期外交及國防委員會第32次全體委員會議〈增列議程〉,http://ivod.ly.gov.tw/Play/VOD/79601/1M,8/2756/201501/20150115_103224.json
江啟臣,79485,"2015-01-12 10:15:45",立法院第8屆第6會期外交及國防委員會第31次全體委員會議,http://ivod.ly.gov.tw/Play/VOD/79485/1M,8/2756/201501/20150112_101545.json
江啟臣,79400,"2015-01-07 11:54:07",立法院第8屆第6會期經濟委員會第18次全體委員會議,http://ivod.ly.gov.tw/Play/VOD/79400/1M,8/2756/201501/20150107_115407.json
江啟臣,79350,"2015-01-07 11:01:50",立法院第8屆第6會期外交及國防委員會第30次全體委員會議,http://ivod.ly.gov.tw/Play/VOD/79350/1M,8/2756/201501/20150107_110150.json
江啟臣,79252,"2015-01-05 11:10:42",立法院第8屆第6會期外交及國防委員會第29次全體委員會議,http://ivod.ly.gov.tw/Play/VOD/79252/1M,8/2756/201501/20150105_111042.json
江惠貞,79671,"2015-01-20 17:04:20",第8屆第6會期第18次會議,http://ivod.ly.gov.tw/Play/VOD/79671/1M,8/2740/201501/20150120_170420.json
江惠貞,79538,"2015-01-13 12:16:35",第8屆第6會期第18次會議,http://ivod.ly.gov.tw/Play/VOD/79538/1M,8/2740/201501/20150113_121635.json
江惠貞,79452,"2015-01-08 16:35:11",立法院第8屆第6會期社會福利及衛生環境委員會第30次全體委員會議,http://ivod.ly.gov.tw/Play/VOD/79452/1M,8/2740/201501/20150108_163511.json
江惠貞,79338,"2015-01-07 10:00:13",立法院第8屆第6會期社會福利及衛生環境委員會第29次全體委員會議,http://ivod.ly.gov.tw/Play/VOD/79338/1M,8/2740/201501/20150107_100013.json
江惠貞,79305,"2015-01-06 17:13:32",第8屆第6會期第16次會議,http://ivod.ly.gov.tw/Play/VOD/79305/1M,8/2740/201501/20150106_171332.json
何欣純,79414,"2015-01-08 10:13:40",立法院第8屆第6會期教育及文化委員會第21次全體委員會議,http://ivod.ly.gov.tw/Play/VOD/79414/1M,8/2741/201501/20150108_101340.json
何欣純,79381,"2015-01-07 11:53:17",立法院第8屆第6會期教育及文化委員會第21次全體委員會議,http://ivod.ly.gov.tw/Play/VOD/79381/1M,8/2741/201501/20150107_115317.json
何欣純,79238,"2015-01-05 10:05:36",立法院第8屆第6會期教育及文化委員會第21次全體委員會議,http://ivod.ly.gov.tw/Play/VOD/79238/1M,8/2741/201501/20150105_100536.json
吳育仁,79443,"2015-01-08 15:02:20",立法院第8屆第6會期社會福利及衛生環境委員會第30次全體委員會議,http://ivod.ly.gov.tw/Play/VOD/79443/1M,8/2764/201501/20150108_150220.json
吳育仁,79335,"2015-01-07 09:29:04",立法院第8屆第6會期社會福利及衛生環境委員會第29次全體委員會議,http://ivod.ly.gov.tw/Play/VOD/79335/1M,8/2764/201501/20150107_092904.json
吳育昇,79713,"2015-01-21 11:21:06",立法院第8屆第6會期內政委員會第35次全體委員會議,http://ivod.ly.gov.tw/Play/VOD/79713/1M,8/2717/201501/20150121_112106.json
吳育昇,79575,"2015-01-14 11:20:48",立法院第8屆第6會期內政、司法及法制委員會第2次聯席會議,http://ivod.ly.gov.tw/Play/VOD/79575/1M,8/2717/201501/20150114_112048.json
吳育昇,79265,"2015-01-05 10:03:18",立法院第8屆第6會期內政、司法及法制委員會第1次聯席會議,http://ivod.ly.gov.tw/Play/VOD/79265/1M,8/2717/201501/20150105_100318.json
吳秉叡,79691,"2015-01-21 09:42:39",立法院第8屆第6會期財政委員會第22次全體委員會議,http://ivod.ly.gov.tw/Play/VOD/79691/1M,8/2718/201501/20150121_094239.json
吳秉叡,79502,"2015-01-12 11:15:10",立法院第8屆第6會期財政委員會第21次全體委員會議,http://ivod.ly.gov.tw/Play/VOD/79502/1M,8/2718/201501/20150112_111510.json
吳秉叡,79469,"2015-01-12 09:16:34",立法院第8屆第6會期財政委員會第21次全體委員會議,http://ivod.ly.gov.tw/Play/VOD/79469/1M,8/2718/201501/20150112_091634.json
吳秉叡,79408,"2015-01-08 09:30:44",立法院第8屆第6會期財政委員會第20次全體委員會議,http://ivod.ly.gov.tw/Play/VOD/79408/1M,8/2718/201501/20150108_093044.json
吳秉叡,79312,"2015-01-07 09:44:20",立法院第8屆第6會期財政委員會第20次全體委員會議,http://ivod.ly.gov.tw/Play/VOD/79312/1M,8/2718/201501/20150107_094420.json
呂玉玲,79611,"2015-01-15 11:11:46",立法院第8屆第6會期教育及文化委員會第22次全體委員會議,http://ivod.ly.gov.tw/Play/VOD/79611/1M,8/2765/201501/20150115_111146.json
呂玉玲,79366,"2015-01-07 11:40:36",立法院第8屆第6會期教育及文化委員會第21次全體委員會議,http://ivod.ly.gov.tw/Play/VOD/79366/1M,8/2765/201501/20150107_114036.json
呂學樟,79578,"2015-01-14 12:25:53",立法院第8屆第6會期內政、司法及法制委員會第2次聯席會議,http://ivod.ly.gov.tw/Play/VOD/79578/1M,8/2767/201501/20150114_122553.json
呂學樟,79555,"2015-01-14 09:43:08",立法院第8屆第6會期司法及法制委員會第26次全體委員會議,http://ivod.ly.gov.tw/Play/VOD/79555/1M,8/2767/201501/20150114_094308.json
呂學樟,79486,"2015-01-12 10:16:38",立法院第8屆第6會期司法及法制、教育及文化委員會第1次聯席會議,http://ivod.ly.gov.tw/Play/VOD/79486/1M,8/2767/201501/20150112_101638.json
呂學樟,79271,"2015-01-05 11:25:27",立法院第8屆第6會期內政、司法及法制委員會第1次聯席會議,http://ivod.ly.gov.tw/Play/VOD/79271/1M,8/2767/201501/20150105_112527.json
呂學樟,79284,"2015-01-05 09:40:51",立法院第8屆第6會期司法及法制委員會第24次全體委員會議,http://ivod.ly.gov.tw/Play/VOD/79284/1M,8/2767/201501/20150105_094051.json
呂學樟,79279,"2015-01-05 09:05:20",立法院第8屆第6會期司法及法制委員會第24次全體委員會議,http://ivod.ly.gov.tw/Play/VOD/79279/1M,8/2767/201501/20150105_090520.json
李昆澤,79689,"2015-01-21 09:23:16",立法院第8屆第6會期交通委員會第17次全體委員會議,http://ivod.ly.gov.tw/Play/VOD/79689/1M,8/2752/201501/20150121_092316.json
李昆澤,79592,"2015-01-15 09:39:13",立法院第8屆第6會期交通委員會第16次全體委員會議,http://ivod.ly.gov.tw/Play/VOD/79592/1M,8/2752/201501/20150115_093913.json
李昆澤,79403,"2015-01-08 09:30:37",立法院第8屆第6會期交通委員會第14次全體委員會議,http://ivod.ly.gov.tw/Play/VOD/79403/1M,8/2752/201501/20150108_093037.json
李昆澤,79398,"2015-01-07 15:14:24",立法院第8屆第6會期交通委員會第14次全體委員會議,http://ivod.ly.gov.tw/Play/VOD/79398/1M,8/2752/201501/20150107_151424.json
李昆澤,79310,"2015-01-07 09:30:39",立法院第8屆第6會期交通委員會第14次全體委員會議,http://ivod.ly.gov.tw/Play/VOD/79310/1M,8/2752/201501/20150107_093039.json
李昆澤,79220,"2015-01-05 09:17:13",立法院第8屆第6會期交通委員會第14次全體委員會議議事日程,http://ivod.ly.gov.tw/Play/VOD/79220/1M,8/2752/201501/20150105_091713.json
李俊俋,79643,"2015-01-19 11:29:08",立法院第8屆第6會期內政、司法及法制委員會第4次聯席會議,http://ivod.ly.gov.tw/Play/VOD/79643/1M,8/2766/201501/20150119_112908.json
李俊俋,79577,"2015-01-14 11:55:41",立法院第8屆第6會期內政、司法及法制委員會第2次聯席會議,http://ivod.ly.gov.tw/Play/VOD/79577/1M,8/2766/201501/20150114_115541.json
李俊俋,79530,"2015-01-12 16:08:10",立法院第8屆第6會期內政委員會第34次全體委員會議,http://ivod.ly.gov.tw/Play/VOD/79530/1M,8/2766/201501/20150112_160810.json
李俊俋,79432,"2015-01-08 10:43:15",立法院第8屆第6會期內政委員會第33次全體委員會議,http://ivod.ly.gov.tw/Play/VOD/79432/1M,8/2766/201501/20150108_104315.json
李俊俋,79264,"2015-01-05 09:50:02",立法院第8屆第6會期內政、司法及法制委員會第1次聯席會議,http://ivod.ly.gov.tw/Play/VOD/79264/1M,8/2766/201501/20150105_095002.json
李桐豪,79674,"2015-01-20 17:08:58",第8屆第6會期第18次會議,http://ivod.ly.gov.tw/Play/VOD/79674/1M,8/2714/201501/20150120_170858.json
李桐豪,79647,"2015-01-19 12:30:00",立法院第8屆第6會期內政、司法及法制委員會第4次聯席會議,http://ivod.ly.gov.tw/Play/VOD/79647/1M,8/2714/201501/20150119_123000.json
李桐豪,79591,"2015-01-15 09:48:24",立法院第8屆第6會期外交及國防委員會第32次全體委員會議〈增列議程〉,http://ivod.ly.gov.tw/Play/VOD/79591/1M,8/2714/201501/20150115_094824.json
李桐豪,79561,"2015-01-14 10:02:24",立法院第8屆第6會期經濟、司法及法制兩委員會第1次聯席會議,http://ivod.ly.gov.tw/Play/VOD/79561/1M,8/2714/201501/20150114_100224.json
李桐豪,79522,"2015-01-12 12:33:17",立法院第8屆第6會期財政委員會第21次全體委員會議,http://ivod.ly.gov.tw/Play/VOD/79522/1M,8/2714/201501/20150112_123317.json
李桐豪,79477,"2015-01-12 09:30:24",立法院第8屆第6會期外交及國防委員會第31次全體委員會議,http://ivod.ly.gov.tw/Play/VOD/79477/1M,8/2714/201501/20150112_093024.json
李桐豪,79467,"2015-01-09 09:32:07",第8屆第6會期第17次會議,http://ivod.ly.gov.tw/Play/VOD/79467/1M,8/2714/201501/20150109_093207.json
李桐豪,79385,"2015-01-07 12:20:08",立法院第8屆第6會期教育及文化委員會第21次全體委員會議,http://ivod.ly.gov.tw/Play/VOD/79385/1M,8/2714/201501/20150107_122008.json
李桐豪,79387,"2015-01-07 12:19:52",立法院第8屆第6會期教育及文化委員會第21次全體委員會議,http://ivod.ly.gov.tw/Play/VOD/79387/1M,8/2714/201501/20150107_121952.json
李桐豪,79368,"2015-01-07 11:51:22",立法院第8屆第6會期財政委員會第20次全體委員會議,http://ivod.ly.gov.tw/Play/VOD/79368/1M,8/2714/201501/20150107_115122.json
李桐豪,79343,"2015-01-07 10:49:19",立法院第8屆第6會期外交及國防委員會第30次全體委員會議,http://ivod.ly.gov.tw/Play/VOD/79343/1M,8/2714/201501/20150107_104919.json
李桐豪,79295,"2015-01-06 17:00:42",第8屆第6會期第16次會議,http://ivod.ly.gov.tw/Play/VOD/79295/1M,8/2714/201501/20150106_170042.json
李桐豪,79218,"2015-01-05 09:25:29",立法院第8屆第6會期外交及國防委員會第29次全體委員會議,http://ivod.ly.gov.tw/Play/VOD/79218/1M,8/2714/201501/20150105_092529.json
李貴敏,79752,"2015-01-23 22:02:55",第8屆第6會期第19次會議,http://ivod.ly.gov.tw/Play/VOD/79752/1M,8/2772/201501/20150123_220255.json
李貴敏,79673,"2015-01-20 17:07:18",第8屆第6會期第18次會議,http://ivod.ly.gov.tw/Play/VOD/79673/1M,8/2772/201501/20150120_170718.json
李貴敏,79641,"2015-01-19 10:54:40",立法院第8屆第6會期內政、司法及法制委員會第4次聯席會議,http://ivod.ly.gov.tw/Play/VOD/79641/1M,8/2772/201501/20150119_105440.json
李貴敏,79629,"2015-01-16 16:07:07",第8屆第6會期第18次會議,http://ivod.ly.gov.tw/Play/VOD/79629/1M,8/2772/201501/20150116_160707.json
李貴敏,79621,"2015-01-16 09:11:57",第8屆第6會期第18次會議,http://ivod.ly.gov.tw/Play/VOD/79621/1M,8/2772/201501/20150116_091157.json
李貴敏,79574,"2015-01-14 11:07:41",立法院第8屆第6會期內政、司法及法制委員會第2次聯席會議,http://ivod.ly.gov.tw/Play/VOD/79574/1M,8/2772/201501/20150114_110741.json
李貴敏,79558,"2015-01-14 10:26:55",立法院第8屆第6會期司法及法制委員會第26次全體委員會議,http://ivod.ly.gov.tw/Play/VOD/79558/1M,8/2772/201501/20150114_102655.json
李貴敏,79552,"2015-01-13 17:19:17",第8屆第6會期第17次會議,http://ivod.ly.gov.tw/Play/VOD/79552/1M,8/2772/201501/20150113_171917.json
李貴敏,79517,"2015-01-12 11:50:18",立法院第8屆第6會期經濟、財政兩委員會第1次聯席會議,http://ivod.ly.gov.tw/Play/VOD/79517/1M,8/2772/201501/20150112_115018.json
李貴敏,79478,"2015-01-12 09:30:04",立法院第8屆第6會期司法及法制、教育及文化委員會第1次聯席會議,http://ivod.ly.gov.tw/Play/VOD/79478/1M,8/2772/201501/20150112_093004.json
李貴敏,79457,"2015-01-09 09:08:54",第8屆第6會期第17次會議,http://ivod.ly.gov.tw/Play/VOD/79457/1M,8/2772/201501/20150109_090854.json
李貴敏,79298,"2015-01-06 17:04:06",第8屆第6會期第16次會議,http://ivod.ly.gov.tw/Play/VOD/79298/1M,8/2772/201501/20150106_170406.json
李貴敏,79307,"2015-01-06 15:06:44",第8屆第6會期第16次會議,http://ivod.ly.gov.tw/Play/VOD/79307/1M,8/2772/201501/20150106_150644.json
李貴敏,79288,"2015-01-06 09:12:11",第8屆第6會期第16次會議,http://ivod.ly.gov.tw/Play/VOD/79288/1M,8/2772/201501/20150106_091211.json
李貴敏,79257,"2015-01-05 11:49:31",立法院第8屆第6會期外交及國防委員會第29次全體委員會議,http://ivod.ly.gov.tw/Play/VOD/79257/1M,8/2772/201501/20150105_114931.json
李貴敏,79256,"2015-01-05 11:34:51",立法院第8屆第6會期外交及國防委員會第29次全體委員會議,http://ivod.ly.gov.tw/Play/VOD/79256/1M,8/2772/201501/20150105_113451.json
李貴敏,79283,"2015-01-05 09:29:09",立法院第8屆第6會期司法及法制委員會第24次全體委員會議,http://ivod.ly.gov.tw/Play/VOD/79283/1M,8/2772/201501/20150105_092909.json
李慶華,79630,"2015-01-19 09:35:01",立法院第8屆第6會期經濟委員會第19次全體委員會議,http://ivod.ly.gov.tw/Play/VOD/79630/1M,8/2790/201501/20150119_093501.json
李應元,79708,"2015-01-21 10:52:21",立法院第8屆第6會期財政委員會第22次全體委員會議,http://ivod.ly.gov.tw/Play/VOD/79708/1M,8/2760/201501/20150121_105221.json
李應元,79415,"2015-01-08 10:26:41",立法院第8屆第6會期財政委員會第20次全體委員會議,http://ivod.ly.gov.tw/Play/VOD/79415/1M,8/2760/201501/20150108_102641.json
李應元,79347,"2015-01-07 10:53:47",立法院第8屆第6會期財政委員會第20次全體委員會議,http://ivod.ly.gov.tw/Play/VOD/79347/1M,8/2760/201501/20150107_105347.json
李鴻鈞,79314,"2015-01-07 09:44:18",立法院第8屆第6會期交通委員會第14次全體委員會議,http://ivod.ly.gov.tw/Play/VOD/79314/1M,8/2711/201501/20150107_094418.json
李鴻鈞,79246,"2015-01-05 10:50:43",立法院第8屆第6會期交通委員會第14次全體委員會議議事日程,http://ivod.ly.gov.tw/Play/VOD/79246/1M,8/2711/201501/20150105_105043.json
周倪安,79740,"2015-01-23 14:15:44",第8屆第6會期第19次會議,http://ivod.ly.gov.tw/Play/VOD/79740/1M,8/2815/201501/20150123_141544.json
周倪安,79717,"2015-01-21 11:35:32",立法院第8屆第6會期內政委員會第35次全體委員會議,http://ivod.ly.gov.tw/Play/VOD/79717/1M,8/2815/201501/20150121_113532.json
周倪安,79672,"2015-01-20 17:05:58",第8屆第6會期第18次會議,http://ivod.ly.gov.tw/Play/VOD/79672/1M,8/2815/201501/20150120_170558.json
周倪安,79670,"2015-01-20 17:03:13",第8屆第6會期第18次會議,http://ivod.ly.gov.tw/Play/VOD/79670/1M,8/2815/201501/20150120_170313.json
周倪安,79655,"2015-01-19 12:57:16",立法院第8屆第6會期經濟委員會第19次全體委員會議,http://ivod.ly.gov.tw/Play/VOD/79655/1M,8/2815/201501/20150119_125716.json
周倪安,79640,"2015-01-19 10:39:15",立法院第8屆第6會期內政、司法及法制委員會第4次聯席會議,http://ivod.ly.gov.tw/Play/VOD/79640/1M,8/2815/201501/20150119_103915.json
周倪安,79572,"2015-01-14 10:44:48",立法院第8屆第6會期內政、司法及法制委員會第2次聯席會議,http://ivod.ly.gov.tw/Play/VOD/79572/1M,8/2815/201501/20150114_104448.json
周倪安,79528,"2015-01-12 15:42:07",立法院第8屆第6會期內政委員會第34次全體委員會議,http://ivod.ly.gov.tw/Play/VOD/79528/1M,8/2815/201501/20150112_154207.json
周倪安,79508,"2015-01-12 11:53:01",立法院第8屆第6會期外交及國防委員會第31次全體委員會議,http://ivod.ly.gov.tw/Play/VOD/79508/1M,8/2815/201501/20150112_115301.json
周倪安,79464,"2015-01-09 09:38:59",第8屆第6會期第17次會議,http://ivod.ly.gov.tw/Play/VOD/79464/1M,8/2815/201501/20150109_093859.json
周倪安,79439,"2015-01-08 11:52:10",立法院第8屆第6會期內政委員會第33次全體委員會議,http://ivod.ly.gov.tw/Play/VOD/79439/1M,8/2815/201501/20150108_115210.json
周倪安,79440,"2015-01-08 11:24:02",立法院第8屆第6會期教育及文化委員會第21次全體委員會議,http://ivod.ly.gov.tw/Play/VOD/79440/1M,8/2815/201501/20150108_112402.json
周倪安,79428,"2015-01-08 09:51:31",立法院第8屆第6會期內政委員會第33次全體委員會議,http://ivod.ly.gov.tw/Play/VOD/79428/1M,8/2815/201501/20150108_095131.json
周倪安,79395,"2015-01-07 15:01:07",立法院第8屆第6會期交通委員會第14次全體委員會議,http://ivod.ly.gov.tw/Play/VOD/79395/1M,8/2815/201501/20150107_150107.json
周倪安,79390,"2015-01-07 14:43:39",立法院第8屆第6會期外交及國防委員會第30次全體委員會議,http://ivod.ly.gov.tw/Play/VOD/79390/1M,8/2815/201501/20150107_144339.json
周倪安,79299,"2015-01-06 17:05:38",第8屆第6會期第16次會議,http://ivod.ly.gov.tw/Play/VOD/79299/1M,8/2815/201501/20150106_170538.json
周倪安,79255,"2015-01-05 11:24:08",立法院第8屆第6會期外交及國防委員會第29次全體委員會議,http://ivod.ly.gov.tw/Play/VOD/79255/1M,8/2815/201501/20150105_112408.json
周倪安,79267,"2015-01-05 10:31:36",立法院第8屆第6會期內政、司法及法制委員會第1次聯席會議,http://ivod.ly.gov.tw/Play/VOD/79267/1M,8/2815/201501/20150105_103136.json
林岱樺,79631,"2015-01-19 09:46:47",立法院第8屆第6會期經濟委員會第19次全體委員會議,http://ivod.ly.gov.tw/Play/VOD/79631/1M,8/2791/201501/20150119_094647.json
林岱樺,79325,"2015-01-07 09:20:06",立法院第8屆第6會期經濟委員會第18次全體委員會議,http://ivod.ly.gov.tw/Play/VOD/79325/1M,8/2791/201501/20150107_092006.json
林郁方,79598,"2015-01-15 10:23:25",立法院第8屆第6會期外交及國防委員會第32次全體委員會議〈增列議程〉,http://ivod.ly.gov.tw/Play/VOD/79598/1M,8/2715/201501/20150115_102325.json
林郁方,79483,"2015-01-12 10:04:44",立法院第8屆第6會期外交及國防委員會第31次全體委員會議,http://ivod.ly.gov.tw/Play/VOD/79483/1M,8/2715/201501/20150112_100444.json
林郁方,79322,"2015-01-07 10:23:05",立法院第8屆第6會期外交及國防委員會第30次全體委員會議,http://ivod.ly.gov.tw/Play/VOD/79322/1M,8/2715/201501/20150107_102305.json
林郁方,79230,"2015-01-05 10:12:01",立法院第8屆第6會期外交及國防委員會第29次全體委員會議,http://ivod.ly.gov.tw/Play/VOD/79230/1M,8/2715/201501/20150105_101201.json
林國正,79707,"2015-01-21 10:45:49",立法院第8屆第6會期交通委員會第17次全體委員會議,http://ivod.ly.gov.tw/Play/VOD/79707/1M,8/2774/201501/20150121_104549.json
林國正,79315,"2015-01-07 09:57:39",立法院第8屆第6會期交通委員會第14次全體委員會議,http://ivod.ly.gov.tw/Play/VOD/79315/1M,8/2774/201501/20150107_095739.json
林國正,79229,"2015-01-05 10:10:38",立法院第8屆第6會期交通委員會第14次全體委員會議議事日程,http://ivod.ly.gov.tw/Play/VOD/79229/1M,8/2774/201501/20150105_101038.json
林淑芬,79737,"2015-01-22 20:54:43",第8屆第6會期第19次會議,http://ivod.ly.gov.tw/Play/VOD/79737/1M,8/2719/201501/20150122_205443.json
林淑芬,79736,"2015-01-22 20:19:18",第8屆第6會期第19次會議,http://ivod.ly.gov.tw/Play/VOD/79736/1M,8/2719/201501/20150122_201918.json
林淑芬,79734,"2015-01-22 19:59:59",第8屆第6會期第19次會議,http://ivod.ly.gov.tw/Play/VOD/79734/1M,8/2719/201501/20150122_195959.json
林淑芬,79666,"2015-01-20 15:53:37",第8屆第6會期第18次會議,http://ivod.ly.gov.tw/Play/VOD/79666/1M,8/2719/201501/20150120_155337.json
林淑芬,79660,"2015-01-20 12:09:23",第8屆第6會期第18次會議,http://ivod.ly.gov.tw/Play/VOD/79660/1M,8/2719/201501/20150120_120923.json
林淑芬,79521,"2015-01-12 12:21:38",立法院第8屆第6會期財政委員會第21次全體委員會議,http://ivod.ly.gov.tw/Play/VOD/79521/1M,8/2719/201501/20150112_122138.json
林淑芬,79447,"2015-01-08 15:39:31",立法院第8屆第6會期社會福利及衛生環境委員會第30次全體委員會議,http://ivod.ly.gov.tw/Play/VOD/79447/1M,8/2719/201501/20150108_153931.json
林淑芬,79380,"2015-01-07 12:01:23",立法院第8屆第6會期社會福利及衛生環境委員會第29次全體委員會議,http://ivod.ly.gov.tw/Play/VOD/79380/1M,8/2719/201501/20150107_120123.json
林滄敏,79582,"2015-01-14 15:12:58",立法院第8屆第6會期內政、司法及法制委員會第2次聯席會議,http://ivod.ly.gov.tw/Play/VOD/79582/1M,8/2720/201501/20150114_151258.json
林德福,79695,"2015-01-21 10:05:37",立法院第8屆第6會期財政委員會第22次全體委員會議,http://ivod.ly.gov.tw/Play/VOD/79695/1M,8/2750/201501/20150121_100537.json
林德福,79687,"2015-01-21 09:14:40",立法院第8屆第6會期財政委員會第22次全體委員會議,http://ivod.ly.gov.tw/Play/VOD/79687/1M,8/2750/201501/20150121_091440.json
林德福,79550,"2015-01-13 17:16:59",第8屆第6會期第17次會議,http://ivod.ly.gov.tw/Play/VOD/79550/1M,8/2750/201501/20150113_171659.json
林德福,79510,"2015-01-12 11:48:02",立法院第8屆第6會期財政委員會第21次全體委員會議,http://ivod.ly.gov.tw/Play/VOD/79510/1M,8/2750/201501/20150112_114802.json
林德福,79489,"2015-01-12 10:46:55",立法院第8屆第6會期財政委員會第21次全體委員會議,http://ivod.ly.gov.tw/Play/VOD/79489/1M,8/2750/201501/20150112_104655.json
林德福,79410,"2015-01-08 09:53:53",立法院第8屆第6會期財政委員會第20次全體委員會議,http://ivod.ly.gov.tw/Play/VOD/79410/1M,8/2750/201501/20150108_095353.json
林德福,79313,"2015-01-07 09:56:22",立法院第8屆第6會期財政委員會第20次全體委員會議,http://ivod.ly.gov.tw/Play/VOD/79313/1M,8/2750/201501/20150107_095622.json
林德福,79287,"2015-01-06 09:08:33",第8屆第6會期第16次會議,http://ivod.ly.gov.tw/Play/VOD/79287/1M,8/2750/201501/20150106_090833.json
林鴻池,79581,"2015-01-14 15:00:08",立法院第8屆第6會期內政、司法及法制委員會第2次聯席會議,http://ivod.ly.gov.tw/Play/VOD/79581/1M,8/2775/201501/20150114_150008.json
林鴻池,79557,"2015-01-14 10:11:13",立法院第8屆第6會期司法及法制委員會第26次全體委員會議,http://ivod.ly.gov.tw/Play/VOD/79557/1M,8/2775/201501/20150114_101113.json
林鴻池,79488,"2015-01-12 10:32:54",立法院第8屆第6會期司法及法制、教育及文化委員會第1次聯席會議,http://ivod.ly.gov.tw/Play/VOD/79488/1M,8/2775/201501/20150112_103254.json
林鴻池,79292,"2015-01-06 12:14:41",第8屆第6會期第17次會議,http://ivod.ly.gov.tw/Play/VOD/79292/1M,8/2775/201501/20150106_121441.json
林鴻池,79281,"2015-01-05 10:01:22",立法院第8屆第6會期司法及法制委員會第24次全體委員會議,http://ivod.ly.gov.tw/Play/VOD/79281/1M,8/2775/201501/20150105_100122.json
邱文彥,79719,"2015-01-21 12:06:33",立法院第8屆第6會期內政委員會第35次全體委員會議,http://ivod.ly.gov.tw/Play/VOD/79719/1M,8/2770/201501/20150121_120633.json
邱文彥,79661,"2015-01-20 12:19:00",第8屆第6會期程序委員會第19次會議,http://ivod.ly.gov.tw/Play/VOD/79661/1M,8/2770/201501/20150120_121900.json
邱文彥,79665,"2015-01-20 15:51:10",第8屆第6會期第18次會議,http://ivod.ly.gov.tw/Play/VOD/79665/1M,8/2770/201501/20150120_155110.json
邱文彥,79639,"2015-01-19 10:26:17",立法院第8屆第6會期內政、司法及法制委員會第4次聯席會議,http://ivod.ly.gov.tw/Play/VOD/79639/1M,8/2770/201501/20150119_102617.json
邱文彥,79627,"2015-01-16 09:31:53",第8屆第6會期第18次會議,http://ivod.ly.gov.tw/Play/VOD/79627/1M,8/2770/201501/20150116_093153.json
邱文彥,79567,"2015-01-14 09:41:40",立法院第8屆第6會期內政、司法及法制委員會第2次聯席會議,http://ivod.ly.gov.tw/Play/VOD/79567/1M,8/2770/201501/20150114_094140.json
邱文彥,79536,"2015-01-12 17:23:51",立法院第8屆第6會期內政委員會第34次全體委員會議,http://ivod.ly.gov.tw/Play/VOD/79536/1M,8/2770/201501/20150112_172351.json
邱文彥,79466,"2015-01-09 09:28:53",第8屆第6會期第17次會議,http://ivod.ly.gov.tw/Play/VOD/79466/1M,8/2770/201501/20150109_092853.json
邱文彥,79437,"2015-01-08 11:22:41",立法院第8屆第6會期內政委員會第33次全體委員會議,http://ivod.ly.gov.tw/Play/VOD/79437/1M,8/2770/201501/20150108_112241.json
邱文彥,79274,"2015-01-05 12:07:27",立法院第8屆第6會期內政、司法及法制委員會第1次聯席會議,http://ivod.ly.gov.tw/Play/VOD/79274/1M,8/2770/201501/20150105_120727.json
邱志偉,79677,"2015-01-20 17:12:23",第8屆第6會期第18次會議,http://ivod.ly.gov.tw/Play/VOD/79677/1M,8/2743/201501/20150120_171223.json
邱志偉,79610,"2015-01-15 11:30:55",立法院第8屆第6會期外交及國防委員會第32次全體委員會議〈增列議程〉,http://ivod.ly.gov.tw/Play/VOD/79610/1M,8/2743/201501/20150115_113055.json
邱志偉,79526,"2015-01-12 10:44:54",立法院第8屆第6會期外交及國防委員會第31次全體委員會議,http://ivod.ly.gov.tw/Play/VOD/79526/1M,8/2743/201501/20150112_104454.json
邱志偉,79332,"2015-01-07 10:36:04",立法院第8屆第6會期外交及國防委員會第30次全體委員會議,http://ivod.ly.gov.tw/Play/VOD/79332/1M,8/2743/201501/20150107_103604.json
邱志偉,79273,"2015-01-05 11:56:30",立法院第8屆第6會期內政、司法及法制委員會第1次聯席會議,http://ivod.ly.gov.tw/Play/VOD/79273/1M,8/2743/201501/20150105_115630.json
邱志偉,79258,"2015-01-05 11:41:21",立法院第8屆第6會期交通委員會第14次全體委員會議議事日程,http://ivod.ly.gov.tw/Play/VOD/79258/1M,8/2743/201501/20150105_114121.json
邱志偉,79247,"2015-01-05 10:32:52",立法院第8屆第6會期教育及文化委員會第21次全體委員會議,http://ivod.ly.gov.tw/Play/VOD/79247/1M,8/2743/201501/20150105_103252.json
邱志偉,79226,"2015-01-05 09:59:45",立法院第8屆第6會期外交及國防委員會第29次全體委員會議,http://ivod.ly.gov.tw/Play/VOD/79226/1M,8/2743/201501/20150105_095945.json
邱議瑩,79712,"2015-01-21 11:11:51",立法院第8屆第6會期內政委員會第35次全體委員會議,http://ivod.ly.gov.tw/Play/VOD/79712/1M,8/2771/201501/20150121_111151.json
邱議瑩,79636,"2015-01-19 09:42:00",立法院第8屆第6會期內政、司法及法制委員會第4次聯席會議,http://ivod.ly.gov.tw/Play/VOD/79636/1M,8/2771/201501/20150119_094200.json
邱議瑩,79570,"2015-01-14 10:14:19",立法院第8屆第6會期內政、司法及法制委員會第2次聯席會議,http://ivod.ly.gov.tw/Play/VOD/79570/1M,8/2771/201501/20150114_101419.json
邱議瑩,79470,"2015-01-12 09:18:47",立法院第8屆第6會期財政委員會第21次全體委員會議,http://ivod.ly.gov.tw/Play/VOD/79470/1M,8/2771/201501/20150112_091847.json
邱議瑩,79429,"2015-01-08 10:05:02",立法院第8屆第6會期內政委員會第33次全體委員會議,http://ivod.ly.gov.tw/Play/VOD/79429/1M,8/2771/201501/20150108_100502.json
邱議瑩,79263,"2015-01-05 09:37:46",立法院第8屆第6會期內政、司法及法制委員會第1次聯席會議,http://ivod.ly.gov.tw/Play/VOD/79263/1M,8/2771/201501/20150105_093746.json
姚文智,79645,"2015-01-19 11:56:45",立法院第8屆第6會期內政、司法及法制委員會第4次聯席會議,http://ivod.ly.gov.tw/Play/VOD/79645/1M,8/2757/201501/20150119_115645.json
姚文智,79576,"2015-01-14 11:38:11",立法院第8屆第6會期內政、司法及法制委員會第2次聯席會議,http://ivod.ly.gov.tw/Play/VOD/79576/1M,8/2757/201501/20150114_113811.json
姚文智,79276,"2015-01-05 12:33:27",立法院第8屆第6會期內政、司法及法制委員會第1次聯席會議,http://ivod.ly.gov.tw/Play/VOD/79276/1M,8/2757/201501/20150105_123327.json
柯建銘,79571,"2015-01-14 10:29:14",立法院第8屆第6會期內政、司法及法制委員會第2次聯席會議,http://ivod.ly.gov.tw/Play/VOD/79571/1M,8/2776/201501/20150114_102914.json
柯建銘,79554,"2015-01-14 09:30:28",立法院第8屆第6會期司法及法制委員會第26次全體委員會議,http://ivod.ly.gov.tw/Play/VOD/79554/1M,8/2776/201501/20150114_093028.json
柯建銘,79479,"2015-01-12 09:40:19",立法院第8屆第6會期司法及法制、教育及文化委員會第1次聯席會議,http://ivod.ly.gov.tw/Play/VOD/79479/1M,8/2776/201501/20150112_094019.json
段宜康,79634,"2015-01-19 09:14:46",立法院第8屆第6會期內政、司法及法制委員會第4次聯席會議,http://ivod.ly.gov.tw/Play/VOD/79634/1M,8/2778/201501/20150119_091446.json
段宜康,79566,"2015-01-14 09:25:59",立法院第8屆第6會期內政、司法及法制委員會第2次聯席會議,http://ivod.ly.gov.tw/Play/VOD/79566/1M,8/2778/201501/20150114_092559.json
段宜康,79529,"2015-01-12 15:55:21",立法院第8屆第6會期內政委員會第34次全體委員會議,http://ivod.ly.gov.tw/Play/VOD/79529/1M,8/2778/201501/20150112_155521.json
段宜康,79426,"2015-01-08 09:23:45",立法院第8屆第6會期內政委員會第33次全體委員會議,http://ivod.ly.gov.tw/Play/VOD/79426/1M,8/2778/201501/20150108_092345.json
段宜康,79262,"2015-01-05 09:24:37",立法院第8屆第6會期內政、司法及法制委員會第1次聯席會議,http://ivod.ly.gov.tw/Play/VOD/79262/1M,8/2778/201501/20150105_092437.json
紀國棟,79568,"2015-01-14 09:53:19",立法院第8屆第6會期內政、司法及法制委員會第2次聯席會議,http://ivod.ly.gov.tw/Play/VOD/79568/1M,8/2779/201501/20150114_095319.json
紀國棟,79427,"2015-01-08 09:38:12",立法院第8屆第6會期內政委員會第33次全體委員會議,http://ivod.ly.gov.tw/Play/VOD/79427/1M,8/2779/201501/20150108_093812.json
紀國棟,79266,"2015-01-05 10:16:42",立法院第8屆第6會期內政、司法及法制委員會第1次聯席會議,http://ivod.ly.gov.tw/Play/VOD/79266/1M,8/2779/201501/20150105_101642.json
孫大千,79710,"2015-01-21 11:15:49",立法院第8屆第6會期財政委員會第22次全體委員會議,http://ivod.ly.gov.tw/Play/VOD/79710/1M,8/2777/201501/20150121_111549.json
孫大千,79422,"2015-01-08 10:52:17",立法院第8屆第6會期財政委員會第20次全體委員會議,http://ivod.ly.gov.tw/Play/VOD/79422/1M,8/2777/201501/20150108_105217.json
孫大千,79334,"2015-01-07 10:43:11",立法院第8屆第6會期財政委員會第20次全體委員會議,http://ivod.ly.gov.tw/Play/VOD/79334/1M,8/2777/201501/20150107_104311.json
徐少萍,79543,"2015-01-13 17:08:49",第8屆第6會期第17次會議,http://ivod.ly.gov.tw/Play/VOD/79543/1M,8/2716/201501/20150113_170849.json
徐少萍,79451,"2015-01-08 16:26:02",立法院第8屆第6會期社會福利及衛生環境委員會第30次全體委員會議,http://ivod.ly.gov.tw/Play/VOD/79451/1M,8/2716/201501/20150108_162602.json
徐少萍,79342,"2015-01-07 10:44:19",立法院第8屆第6會期社會福利及衛生環境委員會第29次全體委員會議,http://ivod.ly.gov.tw/Play/VOD/79342/1M,8/2716/201501/20150107_104419.json
徐欣瑩,79549,"2015-01-13 17:15:52",第8屆第6會期第17次會議,http://ivod.ly.gov.tw/Play/VOD/79549/1M,8/2785/201501/20150113_171552.json
徐欣瑩,79446,"2015-01-08 15:29:20",立法院第8屆第6會期社會福利及衛生環境委員會第30次全體委員會議,http://ivod.ly.gov.tw/Play/VOD/79446/1M,8/2785/201501/20150108_152920.json
翁重鈞,79728,"2015-01-21 12:54:31",立法院第8屆第6會期經濟委員會第19次全體委員會議,http://ivod.ly.gov.tw/Play/VOD/79728/1M,8/2823/201501/20150121_125431.json
馬文君,79261,"2015-01-05 12:00:16",立法院第8屆第6會期外交及國防委員會第29次全體委員會議,http://ivod.ly.gov.tw/Play/VOD/79261/1M,8/2782/201501/20150105_120016.json
高志鵬,79484,"2015-01-12 10:04:55",立法院第8屆第6會期司法及法制、教育及文化委員會第1次聯席會議,http://ivod.ly.gov.tw/Play/VOD/79484/1M,8/2781/201501/20150112_100455.json
高金素梅,79704,"2015-01-21 10:16:20",立法院第8屆第6會期經濟委員會第19次全體委員會議,http://ivod.ly.gov.tw/Play/VOD/79704/1M,8/2713/201501/20150121_101620.json
高金素梅,79535,"2015-01-12 17:12:14",立法院第8屆第6會期內政委員會第34次全體委員會議,http://ivod.ly.gov.tw/Play/VOD/79535/1M,8/2713/201501/20150112_171214.json
張嘉郡,79706,"2015-01-21 10:46:11",立法院第8屆第6會期經濟委員會第19次全體委員會議,http://ivod.ly.gov.tw/Play/VOD/79706/1M,8/2758/201501/20150121_104611.json
張嘉郡,79654,"2015-01-19 12:33:02",立法院第8屆第6會期經濟委員會第19次全體委員會議,http://ivod.ly.gov.tw/Play/VOD/79654/1M,8/2758/201501/20150119_123302.json
張慶忠,79644,"2015-01-19 11:43:35",立法院第8屆第6會期內政、司法及法制委員會第4次聯席會議,http://ivod.ly.gov.tw/Play/VOD/79644/1M,8/2824/201501/20150119_114335.json
許添財,79720,"2015-01-21 12:21:04",立法院第8屆第6會期內政委員會第35次全體委員會議,http://ivod.ly.gov.tw/Play/VOD/79720/1M,8/2759/201501/20150121_122104.json
許添財,79724,"2015-01-21 11:59:49",立法院第8屆第6會期經濟委員會第19次全體委員會議,http://ivod.ly.gov.tw/Play/VOD/79724/1M,8/2759/201501/20150121_115949.json
許添財,79709,"2015-01-21 11:09:11",立法院第8屆第6會期交通委員會第17次全體委員會議,http://ivod.ly.gov.tw/Play/VOD/79709/1M,8/2759/201501/20150121_110911.json
許添財,79693,"2015-01-21 09:52:40",立法院第8屆第6會期財政委員會第22次全體委員會議,http://ivod.ly.gov.tw/Play/VOD/79693/1M,8/2759/201501/20150121_095240.json
許添財,79505,"2015-01-12 11:33:45",立法院第8屆第6會期外交及國防委員會第31次全體委員會議,http://ivod.ly.gov.tw/Play/VOD/79505/1M,8/2759/201501/20150112_113345.json
許添財,79501,"2015-01-12 11:04:27",立法院第8屆第6會期財政委員會第21次全體委員會議,http://ivod.ly.gov.tw/Play/VOD/79501/1M,8/2759/201501/20150112_110427.json
許添財,79492,"2015-01-12 09:48:31",立法院第8屆第6會期經濟、財政兩委員會第1次聯席會議,http://ivod.ly.gov.tw/Play/VOD/79492/1M,8/2759/201501/20150112_094831.json
許添財,79436,"2015-01-08 11:21:09",立法院第8屆第6會期交通委員會第14次全體委員會議,http://ivod.ly.gov.tw/Play/VOD/79436/1M,8/2759/201501/20150108_112109.json
許添財,79433,"2015-01-08 10:57:29",立法院第8屆第6會期內政委員會第33次全體委員會議,http://ivod.ly.gov.tw/Play/VOD/79433/1M,8/2759/201501/20150108_105729.json
許添財,79402,"2015-01-08 09:18:36",立法院第8屆第6會期財政委員會第20次全體委員會議,http://ivod.ly.gov.tw/Play/VOD/79402/1M,8/2759/201501/20150108_091836.json
許添財,79391,"2015-01-07 14:57:54",立法院第8屆第6會期外交及國防委員會第30次全體委員會議,http://ivod.ly.gov.tw/Play/VOD/79391/1M,8/2759/201501/20150107_145754.json
許添財,79392,"2015-01-07 14:31:24",立法院第8屆第6會期交通委員會第14次全體委員會議,http://ivod.ly.gov.tw/Play/VOD/79392/1M,8/2759/201501/20150107_143124.json
許添財,79386,"2015-01-07 12:28:44",立法院第8屆第6會期教育及文化委員會第21次全體委員會議,http://ivod.ly.gov.tw/Play/VOD/79386/1M,8/2759/201501/20150107_122844.json
許添財,79375,"2015-01-07 11:44:10",立法院第8屆第6會期經濟委員會第18次全體委員會議,http://ivod.ly.gov.tw/Play/VOD/79375/1M,8/2759/201501/20150107_114410.json
許添財,79358,"2015-01-07 11:16:37",立法院第8屆第6會期社會福利及衛生環境委員會第29次全體委員會議,http://ivod.ly.gov.tw/Play/VOD/79358/1M,8/2759/201501/20150107_111637.json
許添財,79311,"2015-01-07 09:29:03",立法院第8屆第6會期財政委員會第20次全體委員會議,http://ivod.ly.gov.tw/Play/VOD/79311/1M,8/2759/201501/20150107_092903.json
許智傑,79476,"2015-01-12 09:33:11",立法院第8屆第6會期財政委員會第21次全體委員會議,http://ivod.ly.gov.tw/Play/VOD/79476/1M,8/2787/201501/20150112_093311.json
許智傑,79406,"2015-01-08 09:36:24",立法院第8屆第6會期教育及文化委員會第21次全體委員會議,http://ivod.ly.gov.tw/Play/VOD/79406/1M,8/2787/201501/20150108_093624.json
許智傑,79348,"2015-01-07 10:38:45",立法院第8屆第6會期教育及文化委員會第21次全體委員會議,http://ivod.ly.gov.tw/Play/VOD/79348/1M,8/2787/201501/20150107_103845.json
許智傑,79224,"2015-01-05 09:39:14",立法院第8屆第6會期教育及文化委員會第21次全體委員會議,http://ivod.ly.gov.tw/Play/VOD/79224/1M,8/2787/201501/20150105_093914.json
陳其邁,79718,"2015-01-21 11:51:34",立法院第8屆第6會期內政委員會第35次全體委員會議,http://ivod.ly.gov.tw/Play/VOD/79718/1M,8/2783/201501/20150121_115134.json
陳其邁,79642,"2015-01-19 11:10:26",立法院第8屆第6會期內政、司法及法制委員會第4次聯席會議,http://ivod.ly.gov.tw/Play/VOD/79642/1M,8/2783/201501/20150119_111026.json
陳其邁,79583,"2015-01-14 12:10:33",立法院第8屆第6會期內政、司法及法制委員會第2次聯席會議,http://ivod.ly.gov.tw/Play/VOD/79583/1M,8/2783/201501/20150114_121033.json
陳其邁,79531,"2015-01-12 16:22:03",立法院第8屆第6會期內政委員會第34次全體委員會議,http://ivod.ly.gov.tw/Play/VOD/79531/1M,8/2783/201501/20150112_162203.json
陳其邁,79471,"2015-01-12 09:21:56",立法院第8屆第6會期財政委員會第21次全體委員會議,http://ivod.ly.gov.tw/Play/VOD/79471/1M,8/2783/201501/20150112_092156.json
陳其邁,79438,"2015-01-08 11:36:46",立法院第8屆第6會期內政委員會第33次全體委員會議,http://ivod.ly.gov.tw/Play/VOD/79438/1M,8/2783/201501/20150108_113646.json
陳其邁,79270,"2015-01-05 11:09:57",立法院第8屆第6會期內政、司法及法制委員會第1次聯席會議,http://ivod.ly.gov.tw/Play/VOD/79270/1M,8/2783/201501/20150105_110957.json
陳怡潔,79721,"2015-01-21 11:17:44",立法院第8屆第6會期經濟委員會第19次全體委員會議,http://ivod.ly.gov.tw/Play/VOD/79721/1M,8/2747/201501/20150121_111744.json
陳怡潔,79652,"2015-01-19 12:07:32",立法院第8屆第6會期經濟委員會第19次全體委員會議,http://ivod.ly.gov.tw/Play/VOD/79652/1M,8/2747/201501/20150119_120732.json
陳怡潔,79518,"2015-01-12 12:03:31",立法院第8屆第6會期經濟、財政兩委員會第1次聯席會議,http://ivod.ly.gov.tw/Play/VOD/79518/1M,8/2747/201501/20150112_120331.json
陳怡潔,79374,"2015-01-07 11:34:32",立法院第8屆第6會期經濟委員會第18次全體委員會議,http://ivod.ly.gov.tw/Play/VOD/79374/1M,8/2747/201501/20150107_113432.json
陳明文,79701,"2015-01-21 09:28:32",立法院第8屆第6會期經濟委員會第19次全體委員會議,http://ivod.ly.gov.tw/Play/VOD/79701/1M,8/2737/201501/20150121_092832.json
陳明文,79633,"2015-01-19 10:21:24",立法院第8屆第6會期經濟委員會第19次全體委員會議,http://ivod.ly.gov.tw/Play/VOD/79633/1M,8/2737/201501/20150119_102124.json
陳明文,79383,"2015-01-07 12:09:02",立法院第8屆第6會期外交及國防委員會第30次全體委員會議,http://ivod.ly.gov.tw/Play/VOD/79383/1M,8/2737/201501/20150107_120902.json
陳明文,79327,"2015-01-07 09:43:15",立法院第8屆第6會期經濟委員會第18次全體委員會議,http://ivod.ly.gov.tw/Play/VOD/79327/1M,8/2737/201501/20150107_094315.json
陳亭妃,79602,"2015-01-15 10:17:03",立法院第8屆第6會期教育及文化委員會第22次全體委員會議,http://ivod.ly.gov.tw/Play/VOD/79602/1M,8/2754/201501/20150115_101703.json
陳亭妃,79619,"2015-01-15 09:14:35",立法院第8屆第6會期教育及文化委員會第22次全體委員會議,http://ivod.ly.gov.tw/Play/VOD/79619/1M,8/2754/201501/20150115_091435.json
陳亭妃,79324,"2015-01-07 10:25:56",立法院第8屆第6會期教育及文化委員會第21次全體委員會議,http://ivod.ly.gov.tw/Play/VOD/79324/1M,8/2754/201501/20150107_102556.json
陳亭妃,79268,"2015-01-05 10:45:44",立法院第8屆第6會期內政、司法及法制委員會第1次聯席會議,http://ivod.ly.gov.tw/Play/VOD/79268/1M,8/2754/201501/20150105_104544.json
陳亭妃,79225,"2015-01-05 09:51:55",立法院第8屆第6會期教育及文化委員會第21次全體委員會議,http://ivod.ly.gov.tw/Play/VOD/79225/1M,8/2754/201501/20150105_095155.json
陳唐山,79604,"2015-01-15 10:44:11",立法院第8屆第6會期外交及國防委員會第32次全體委員會議〈增列議程〉,http://ivod.ly.gov.tw/Play/VOD/79604/1M,8/2788/201501/20150115_104411.json
陳唐山,79500,"2015-01-12 11:10:48",立法院第8屆第6會期外交及國防委員會第31次全體委員會議,http://ivod.ly.gov.tw/Play/VOD/79500/1M,8/2788/201501/20150112_111048.json
陳唐山,79361,"2015-01-07 11:28:28",立法院第8屆第6會期外交及國防委員會第30次全體委員會議,http://ivod.ly.gov.tw/Play/VOD/79361/1M,8/2788/201501/20150107_112828.json
陳根德,79285,"2015-01-05 11:27:54",立法院第8屆第6會期交通委員會第14次全體委員會議議事日程,http://ivod.ly.gov.tw/Play/VOD/79285/1M,8/2784/201501/20150105_112754.json
陳淑慧,79675,"2015-01-20 17:09:58",第8屆第6會期第18次會議,http://ivod.ly.gov.tw/Play/VOD/79675/1M,8/2789/201501/20150120_170958.json
陳淑慧,79603,"2015-01-15 10:29:56",立法院第8屆第6會期教育及文化委員會第22次全體委員會議,http://ivod.ly.gov.tw/Play/VOD/79603/1M,8/2789/201501/20150115_102956.json
陳淑慧,79461,"2015-01-09 09:22:28",第8屆第6會期第17次會議,http://ivod.ly.gov.tw/Play/VOD/79461/1M,8/2789/201501/20150109_092228.json
陳淑慧,79413,"2015-01-08 10:00:54",立法院第8屆第6會期教育及文化委員會第21次全體委員會議,http://ivod.ly.gov.tw/Play/VOD/79413/1M,8/2789/201501/20150108_100054.json
陳淑慧,79323,"2015-01-07 10:12:35",立法院第8屆第6會期教育及文化委員會第21次全體委員會議,http://ivod.ly.gov.tw/Play/VOD/79323/1M,8/2789/201501/20150107_101235.json
陳雪生,79355,"2015-01-07 11:04:11",立法院第8屆第6會期交通委員會第14次全體委員會議,http://ivod.ly.gov.tw/Play/VOD/79355/1M,8/2801/201501/20150107_110411.json
陳雪生,79253,"2015-01-05 11:03:51",立法院第8屆第6會期交通委員會第14次全體委員會議議事日程,http://ivod.ly.gov.tw/Play/VOD/79253/1M,8/2801/201501/20150105_110351.json
陳超明,79725,"2015-01-21 12:11:48",立法院第8屆第6會期經濟委員會第19次全體委員會議,http://ivod.ly.gov.tw/Play/VOD/79725/1M,8/2744/201501/20150121_121148.json
陳超明,79520,"2015-01-12 12:27:42",立法院第8屆第6會期經濟、財政兩委員會第1次聯席會議,http://ivod.ly.gov.tw/Play/VOD/79520/1M,8/2744/201501/20150112_122742.json
陳節如,79668,"2015-01-20 16:17:02",第8屆第6會期第18次會議,http://ivod.ly.gov.tw/Play/VOD/79668/1M,8/2802/201501/20150120_161702.json
陳節如,79450,"2015-01-08 16:16:18",立法院第8屆第6會期社會福利及衛生環境委員會第30次全體委員會議,http://ivod.ly.gov.tw/Play/VOD/79450/1M,8/2802/201501/20150108_161618.json
陳節如,79337,"2015-01-07 09:50:14",立法院第8屆第6會期社會福利及衛生環境委員會第29次全體委員會議,http://ivod.ly.gov.tw/Play/VOD/79337/1M,8/2802/201501/20150107_095014.json
陳碧涵,79682,"2015-01-20 17:18:02",第8屆第6會期第18次會議,http://ivod.ly.gov.tw/Play/VOD/79682/1M,8/2809/201501/20150120_171802.json
陳碧涵,79625,"2015-01-16 09:25:18",第8屆第6會期第18次會議,http://ivod.ly.gov.tw/Play/VOD/79625/1M,8/2809/201501/20150116_092518.json
陳碧涵,79609,"2015-01-15 11:20:24",立法院第8屆第6會期外交及國防委員會第32次全體委員會議〈增列議程〉,http://ivod.ly.gov.tw/Play/VOD/79609/1M,8/2809/201501/20150115_112024.json
陳碧涵,79595,"2015-01-15 09:49:38",立法院第8屆第6會期教育及文化委員會第22次全體委員會議,http://ivod.ly.gov.tw/Play/VOD/79595/1M,8/2809/201501/20150115_094938.json
陳碧涵,79617,"2015-01-15 09:18:21",立法院第8屆第6會期教育及文化委員會第22次全體委員會議,http://ivod.ly.gov.tw/Play/VOD/79617/1M,8/2809/201501/20150115_091821.json
陳碧涵,79539,"2015-01-13 17:02:57",第8屆第6會期第17次會議,http://ivod.ly.gov.tw/Play/VOD/79539/1M,8/2809/201501/20150113_170257.json
陳碧涵,79458,"2015-01-09 09:12:19",第8屆第6會期第17次會議,http://ivod.ly.gov.tw/Play/VOD/79458/1M,8/2809/201501/20150109_091219.json
陳碧涵,79407,"2015-01-08 09:48:38",立法院第8屆第6會期教育及文化委員會第21次全體委員會議,http://ivod.ly.gov.tw/Play/VOD/79407/1M,8/2809/201501/20150108_094838.json
陳碧涵,79349,"2015-01-07 10:51:41",立法院第8屆第6會期教育及文化委員會第21次全體委員會議,http://ivod.ly.gov.tw/Play/VOD/79349/1M,8/2809/201501/20150107_105141.json
陳碧涵,79301,"2015-01-06 17:08:25",第8屆第6會期第16次會議,http://ivod.ly.gov.tw/Play/VOD/79301/1M,8/2809/201501/20150106_170825.json
陳碧涵,79290,"2015-01-06 09:18:42",第8屆第6會期第16次會議,http://ivod.ly.gov.tw/Play/VOD/79290/1M,8/2809/201501/20150106_091842.json
陳歐珀,79624,"2015-01-16 09:21:48",第8屆第6會期第18次會議,http://ivod.ly.gov.tw/Play/VOD/79624/1M,8/2803/201501/20150116_092148.json
陳歐珀,79588,"2015-01-15 09:35:54",立法院第8屆第6會期外交及國防委員會第32次全體委員會議〈增列議程〉,http://ivod.ly.gov.tw/Play/VOD/79588/1M,8/2803/201501/20150115_093554.json
陳歐珀,79573,"2015-01-14 10:55:10",立法院第8屆第6會期司法及法制委員會第26次全體委員會議,http://ivod.ly.gov.tw/Play/VOD/79573/1M,8/2803/201501/20150114_105510.json
陳歐珀,79473,"2015-01-12 09:19:51",立法院第8屆第6會期外交及國防委員會第31次全體委員會議,http://ivod.ly.gov.tw/Play/VOD/79473/1M,8/2803/201501/20150112_091951.json
陳歐珀,79463,"2015-01-09 09:35:32",第8屆第6會期第17次會議,http://ivod.ly.gov.tw/Play/VOD/79463/1M,8/2803/201501/20150109_093532.json
陳歐珀,79316,"2015-01-07 10:00:14",立法院第8屆第6會期外交及國防委員會第30次全體委員會議,http://ivod.ly.gov.tw/Play/VOD/79316/1M,8/2803/201501/20150107_100014.json
陳歐珀,79401,"2015-01-07 09:53:56",立法院第8屆第6會期外交及國防委員會第30次全體委員會議,http://ivod.ly.gov.tw/Play/VOD/79401/1M,8/2803/201501/20150107_095356.json
陳歐珀,79291,"2015-01-06 09:21:58",第8屆第6會期第16次會議,http://ivod.ly.gov.tw/Play/VOD/79291/1M,8/2803/201501/20150106_092158.json
陳歐珀,79219,"2015-01-05 09:36:17",立法院第8屆第6會期外交及國防委員會第29次全體委員會議,http://ivod.ly.gov.tw/Play/VOD/79219/1M,8/2803/201501/20150105_093617.json
陳學聖,79605,"2015-01-15 10:47:09",立法院第8屆第6會期教育及文化委員會第22次全體委員會議,http://ivod.ly.gov.tw/Play/VOD/79605/1M,8/2810/201501/20150115_104709.json
陳學聖,79618,"2015-01-15 09:11:19",立法院第8屆第6會期教育及文化委員會第22次全體委員會議,http://ivod.ly.gov.tw/Play/VOD/79618/1M,8/2810/201501/20150115_091119.json
陳學聖,79249,"2015-01-05 11:00:27",立法院第8屆第6會期教育及文化委員會第21次全體委員會議,http://ivod.ly.gov.tw/Play/VOD/79249/1M,8/2810/201501/20150105_110027.json
陳鎮湘,79684,"2015-01-20 17:20:55",第8屆第6會期第18次會議,http://ivod.ly.gov.tw/Play/VOD/79684/1M,8/2804/201501/20150120_172055.json
陳鎮湘,79597,"2015-01-15 10:12:38",立法院第8屆第6會期外交及國防委員會第32次全體委員會議〈增列議程〉,http://ivod.ly.gov.tw/Play/VOD/79597/1M,8/2804/201501/20150115_101238.json
陳鎮湘,79487,"2015-01-12 10:27:26",立法院第8屆第6會期外交及國防委員會第31次全體委員會議,http://ivod.ly.gov.tw/Play/VOD/79487/1M,8/2804/201501/20150112_102726.json
陳鎮湘,79354,"2015-01-07 11:15:43",立法院第8屆第6會期外交及國防委員會第30次全體委員會議,http://ivod.ly.gov.tw/Play/VOD/79354/1M,8/2804/201501/20150107_111543.json
陳鎮湘,79240,"2015-01-05 10:25:01",立法院第8屆第6會期外交及國防委員會第29次全體委員會議,http://ivod.ly.gov.tw/Play/VOD/79240/1M,8/2804/201501/20150105_102501.json
曾巨威,79715,"2015-01-21 11:26:37",立法院第8屆第6會期財政委員會第22次全體委員會議,http://ivod.ly.gov.tw/Play/VOD/79715/1M,8/2811/201501/20150121_112637.json
曾巨威,79584,"2015-01-14 15:23:49",立法院第8屆第6會期內政、司法及法制委員會第2次聯席會議,http://ivod.ly.gov.tw/Play/VOD/79584/1M,8/2811/201501/20150114_152349.json
曾巨威,79511,"2015-01-12 11:59:17",立法院第8屆第6會期財政委員會第21次全體委員會議,http://ivod.ly.gov.tw/Play/VOD/79511/1M,8/2811/201501/20150112_115917.json
曾巨威,79498,"2015-01-12 10:55:25",立法院第8屆第6會期司法及法制、教育及文化委員會第1次聯席會議,http://ivod.ly.gov.tw/Play/VOD/79498/1M,8/2811/201501/20150112_105525.json
曾巨威,79360,"2015-01-07 11:28:31",立法院第8屆第6會期財政委員會第20次全體委員會議,http://ivod.ly.gov.tw/Play/VOD/79360/1M,8/2811/201501/20150107_112831.json
費鴻泰,79663,"2015-01-20 12:25:58",第8屆第6會期程序委員會第19次會議,http://ivod.ly.gov.tw/Play/VOD/79663/1M,8/2825/201501/20150120_122558.json
費鴻泰,79419,"2015-01-08 10:37:14",立法院第8屆第6會期財政委員會第20次全體委員會議,http://ivod.ly.gov.tw/Play/VOD/79419/1M,8/2825/201501/20150108_103714.json
費鴻泰,79353,"2015-01-07 11:18:21",立法院第8屆第6會期財政委員會第20次全體委員會議,http://ivod.ly.gov.tw/Play/VOD/79353/1M,8/2825/201501/20150107_111821.json
黃志雄,79441,"2015-01-08 11:35:53",立法院第8屆第6會期教育及文化委員會第21次全體委員會議,http://ivod.ly.gov.tw/Play/VOD/79441/1M,8/2826/201501/20150108_113553.json
黃志雄,79365,"2015-01-07 11:27:32",立法院第8屆第6會期教育及文化委員會第21次全體委員會議,http://ivod.ly.gov.tw/Play/VOD/79365/1M,8/2826/201501/20150107_112732.json
黃昭順,79651,"2015-01-19 11:54:55",立法院第8屆第6會期經濟委員會第19次全體委員會議,http://ivod.ly.gov.tw/Play/VOD/79651/1M,8/2721/201501/20150119_115455.json
黃昭順,79559,"2015-01-14 09:37:08",立法院第8屆第6會期經濟、司法及法制兩委員會第1次聯席會議,http://ivod.ly.gov.tw/Play/VOD/79559/1M,8/2721/201501/20150114_093708.json
黃昭順,79490,"2015-01-12 09:22:39",立法院第8屆第6會期經濟、財政兩委員會第1次聯席會議,http://ivod.ly.gov.tw/Play/VOD/79490/1M,8/2721/201501/20150112_092239.json
黃昭順,79326,"2015-01-07 09:32:11",立法院第8屆第6會期經濟委員會第18次全體委員會議,http://ivod.ly.gov.tw/Play/VOD/79326/1M,8/2721/201501/20150107_093211.json
黃偉哲,79702,"2015-01-21 09:48:26",立法院第8屆第6會期經濟委員會第19次全體委員會議,http://ivod.ly.gov.tw/Play/VOD/79702/1M,8/2805/201501/20150121_094826.json
黃偉哲,79632,"2015-01-19 10:04:30",立法院第8屆第6會期經濟委員會第19次全體委員會議,http://ivod.ly.gov.tw/Play/VOD/79632/1M,8/2805/201501/20150119_100430.json
黃偉哲,79560,"2015-01-14 09:49:04",立法院第8屆第6會期經濟、司法及法制兩委員會第1次聯席會議,http://ivod.ly.gov.tw/Play/VOD/79560/1M,8/2805/201501/20150114_094904.json
黃偉哲,79507,"2015-01-12 11:43:53",立法院第8屆第6會期外交及國防委員會第31次全體委員會議,http://ivod.ly.gov.tw/Play/VOD/79507/1M,8/2805/201501/20150112_114353.json
黃偉哲,79494,"2015-01-12 10:13:14",立法院第8屆第6會期經濟、財政兩委員會第1次聯席會議,http://ivod.ly.gov.tw/Play/VOD/79494/1M,8/2805/201501/20150112_101314.json
黃偉哲,79330,"2015-01-07 10:22:24",立法院第8屆第6會期經濟委員會第18次全體委員會議,http://ivod.ly.gov.tw/Play/VOD/79330/1M,8/2805/201501/20150107_102224.json
楊玉欣,79730,"2015-01-22 15:45:52",第8屆第6會期第19次會議,http://ivod.ly.gov.tw/Play/VOD/79730/1M,8/2722/201501/20150122_154552.json
楊玉欣,79336,"2015-01-07 09:38:42",立法院第8屆第6會期社會福利及衛生環境委員會第29次全體委員會議,http://ivod.ly.gov.tw/Play/VOD/79336/1M,8/2722/201501/20150107_093842.json
楊玉欣,79306,"2015-01-06 17:14:47",第8屆第6會期第16次會議,http://ivod.ly.gov.tw/Play/VOD/79306/1M,8/2722/201501/20150106_171447.json
楊應雄,79585,"2015-01-15 09:24:43",立法院第8屆第6會期外交及國防委員會第32次全體委員會議〈增列議程〉,http://ivod.ly.gov.tw/Play/VOD/79585/1M,8/2806/201501/20150115_092443.json
楊應雄,79481,"2015-01-12 09:53:25",立法院第8屆第6會期外交及國防委員會第31次全體委員會議,http://ivod.ly.gov.tw/Play/VOD/79481/1M,8/2806/201501/20150112_095325.json
楊應雄,79384,"2015-01-07 12:23:15",立法院第8屆第6會期外交及國防委員會第30次全體委員會議,http://ivod.ly.gov.tw/Play/VOD/79384/1M,8/2806/201501/20150107_122315.json
楊應雄,79222,"2015-01-05 09:47:57",立法院第8屆第6會期外交及國防委員會第29次全體委員會議,http://ivod.ly.gov.tw/Play/VOD/79222/1M,8/2806/201501/20150105_094757.json
楊曜,79445,"2015-01-08 15:19:52",立法院第8屆第6會期社會福利及衛生環境委員會第30次全體委員會議,http://ivod.ly.gov.tw/Play/VOD/79445/1M,8/2723/201501/20150108_151952.json
楊曜,79378,"2015-01-07 11:45:39",立法院第8屆第6會期社會福利及衛生環境委員會第29次全體委員會議,http://ivod.ly.gov.tw/Play/VOD/79378/1M,8/2723/201501/20150107_114539.json
楊瓊瓔,79705,"2015-01-21 10:30:18",立法院第8屆第6會期經濟委員會第19次全體委員會議,http://ivod.ly.gov.tw/Play/VOD/79705/1M,8/2807/201501/20150121_103018.json
楊瓊瓔,79664,"2015-01-20 14:37:11",第8屆第6會期第18次會議,http://ivod.ly.gov.tw/Play/VOD/79664/1M,8/2807/201501/20150120_143711.json
楊瓊瓔,79650,"2015-01-19 11:40:14",立法院第8屆第6會期經濟委員會第19次全體委員會議,http://ivod.ly.gov.tw/Play/VOD/79650/1M,8/2807/201501/20150119_114014.json
楊瓊瓔,79562,"2015-01-14 10:13:53",立法院第8屆第6會期經濟、司法及法制兩委員會第1次聯席會議,http://ivod.ly.gov.tw/Play/VOD/79562/1M,8/2807/201501/20150114_101353.json
楊瓊瓔,79495,"2015-01-12 10:26:31",立法院第8屆第6會期經濟、財政兩委員會第1次聯席會議,http://ivod.ly.gov.tw/Play/VOD/79495/1M,8/2807/201501/20150112_102631.json
楊瓊瓔,79329,"2015-01-07 10:09:46",立法院第8屆第6會期經濟委員會第18次全體委員會議,http://ivod.ly.gov.tw/Play/VOD/79329/1M,8/2807/201501/20150107_100946.json
楊麗環,79690,"2015-01-21 09:36:03",立法院第8屆第6會期交通委員會第17次全體委員會議,http://ivod.ly.gov.tw/Play/VOD/79690/1M,8/2724/201501/20150121_093603.json
楊麗環,79600,"2015-01-15 10:20:37",立法院第8屆第6會期交通委員會第16次全體委員會議,http://ivod.ly.gov.tw/Play/VOD/79600/1M,8/2724/201501/20150115_102037.json
楊麗環,79423,"2015-01-08 10:38:04",立法院第8屆第6會期交通委員會第14次全體委員會議,http://ivod.ly.gov.tw/Play/VOD/79423/1M,8/2724/201501/20150108_103804.json
楊麗環,79356,"2015-01-07 11:16:28",立法院第8屆第6會期交通委員會第14次全體委員會議,http://ivod.ly.gov.tw/Play/VOD/79356/1M,8/2724/201501/20150107_111628.json
楊麗環,79228,"2015-01-05 09:57:54",立法院第8屆第6會期交通委員會第14次全體委員會議議事日程,http://ivod.ly.gov.tw/Play/VOD/79228/1M,8/2724/201501/20150105_095754.json
葉宜津,79732,"2015-01-22 16:15:07",第8屆第6會期第19次會議,http://ivod.ly.gov.tw/Play/VOD/79732/1M,8/2808/201501/20150122_161507.json
葉宜津,79731,"2015-01-22 15:50:36",第8屆第6會期第19次會議,http://ivod.ly.gov.tw/Play/VOD/79731/1M,8/2808/201501/20150122_155036.json
葉宜津,79698,"2015-01-21 10:31:12",立法院第8屆第6會期交通委員會第17次全體委員會議,http://ivod.ly.gov.tw/Play/VOD/79698/1M,8/2808/201501/20150121_103112.json
葉宜津,79586,"2015-01-15 09:11:05",立法院第8屆第6會期交通委員會第16次全體委員會議,http://ivod.ly.gov.tw/Play/VOD/79586/1M,8/2808/201501/20150115_091105.json
葉宜津,79404,"2015-01-08 09:43:19",立法院第8屆第6會期交通委員會第14次全體委員會議,http://ivod.ly.gov.tw/Play/VOD/79404/1M,8/2808/201501/20150108_094319.json
葉宜津,79399,"2015-01-07 15:18:48",立法院第8屆第6會期交通委員會第14次全體委員會議,http://ivod.ly.gov.tw/Play/VOD/79399/1M,8/2808/201501/20150107_151848.json
葉宜津,79308,"2015-01-07 09:01:23",立法院第8屆第6會期交通委員會第14次全體委員會議,http://ivod.ly.gov.tw/Play/VOD/79308/1M,8/2808/201501/20150107_090123.json
葉宜津,79227,"2015-01-05 09:43:56",立法院第8屆第6會期交通委員會第14次全體委員會議議事日程,http://ivod.ly.gov.tw/Play/VOD/79227/1M,8/2808/201501/20150105_094356.json
葉津鈴,79703,"2015-01-21 10:03:43",立法院第8屆第6會期經濟委員會第19次全體委員會議,http://ivod.ly.gov.tw/Play/VOD/79703/1M,8/2822/201501/20150121_100343.json
葉津鈴,79653,"2015-01-19 12:21:23",立法院第8屆第6會期經濟委員會第19次全體委員會議,http://ivod.ly.gov.tw/Play/VOD/79653/1M,8/2822/201501/20150119_122123.json
葉津鈴,79553,"2015-01-13 17:01:09",第8屆第6會期第17次會議,http://ivod.ly.gov.tw/Play/VOD/79553/1M,8/2822/201501/20150113_170109.json
葉津鈴,79516,"2015-01-12 11:38:36",立法院第8屆第6會期經濟、財政兩委員會第1次聯席會議,http://ivod.ly.gov.tw/Play/VOD/79516/1M,8/2822/201501/20150112_113836.json
葉津鈴,79460,"2015-01-09 09:19:05",第8屆第6會期第17次會議,http://ivod.ly.gov.tw/Play/VOD/79460/1M,8/2822/201501/20150109_091905.json
葉津鈴,79394,"2015-01-07 14:50:42",立法院第8屆第6會期交通委員會第14次全體委員會議,http://ivod.ly.gov.tw/Play/VOD/79394/1M,8/2822/201501/20150107_145042.json
葉津鈴,79372,"2015-01-07 11:14:47",立法院第8屆第6會期經濟委員會第18次全體委員會議,http://ivod.ly.gov.tw/Play/VOD/79372/1M,8/2822/201501/20150107_111447.json
詹凱臣,79628,"2015-01-16 09:35:04",第8屆第6會期第18次會議,http://ivod.ly.gov.tw/Play/VOD/79628/1M,8/2745/201501/20150116_093504.json
詹凱臣,79608,"2015-01-15 11:09:50",立法院第8屆第6會期外交及國防委員會第32次全體委員會議〈增列議程〉,http://ivod.ly.gov.tw/Play/VOD/79608/1M,8/2745/201501/20150115_110950.json
詹凱臣,79503,"2015-01-12 11:23:12",立法院第8屆第6會期外交及國防委員會第31次全體委員會議,http://ivod.ly.gov.tw/Play/VOD/79503/1M,8/2745/201501/20150112_112312.json
詹凱臣,79456,"2015-01-09 09:05:45",第8屆第6會期第17次會議,http://ivod.ly.gov.tw/Play/VOD/79456/1M,8/2745/201501/20150109_090545.json
詹凱臣,79369,"2015-01-07 11:56:35",立法院第8屆第6會期外交及國防委員會第30次全體委員會議,http://ivod.ly.gov.tw/Play/VOD/79369/1M,8/2745/201501/20150107_115635.json
詹凱臣,79289,"2015-01-06 09:15:33",第8屆第6會期第16次會議,http://ivod.ly.gov.tw/Play/VOD/79289/1M,8/2745/201501/20150106_091533.json
詹凱臣,79242,"2015-01-05 10:35:32",立法院第8屆第6會期外交及國防委員會第29次全體委員會議,http://ivod.ly.gov.tw/Play/VOD/79242/1M,8/2745/201501/20150105_103532.json
廖正井,79637,"2015-01-19 09:58:54",立法院第8屆第6會期內政、司法及法制委員會第4次聯席會議,http://ivod.ly.gov.tw/Play/VOD/79637/1M,8/2725/201501/20150119_095854.json
廖正井,79620,"2015-01-16 09:08:28",第8屆第6會期第18次會議,http://ivod.ly.gov.tw/Play/VOD/79620/1M,8/2725/201501/20150116_090828.json
廖正井,79556,"2015-01-14 09:56:23",立法院第8屆第6會期司法及法制委員會第26次全體委員會議,http://ivod.ly.gov.tw/Play/VOD/79556/1M,8/2725/201501/20150114_095623.json
廖正井,79468,"2015-01-12 09:10:51",立法院第8屆第6會期司法及法制、教育及文化委員會第1次聯席會議,http://ivod.ly.gov.tw/Play/VOD/79468/1M,8/2725/201501/20150112_091051.json
廖正井,79277,"2015-01-05 09:17:25",立法院第8屆第6會期司法及法制委員會第24次全體委員會議,http://ivod.ly.gov.tw/Play/VOD/79277/1M,8/2725/201501/20150105_091725.json
廖國棟,79537,"2015-01-12 17:37:41",立法院第8屆第6會期內政委員會第34次全體委員會議,http://ivod.ly.gov.tw/Play/VOD/79537/1M,8/2726/201501/20150112_173741.json
廖國棟,79513,"2015-01-12 11:00:24",立法院第8屆第6會期經濟、財政兩委員會第1次聯席會議,http://ivod.ly.gov.tw/Play/VOD/79513/1M,8/2726/201501/20150112_110024.json
廖國棟,79328,"2015-01-07 09:59:16",立法院第8屆第6會期經濟委員會第18次全體委員會議,http://ivod.ly.gov.tw/Play/VOD/79328/1M,8/2726/201501/20150107_095916.json
管碧玲,79714,"2015-01-21 11:17:48",立法院第8屆第6會期交通委員會第17次全體委員會議,http://ivod.ly.gov.tw/Play/VOD/79714/1M,8/2727/201501/20150121_111748.json
管碧玲,79612,"2015-01-15 11:26:07",立法院第8屆第6會期教育及文化委員會第22次全體委員會議,http://ivod.ly.gov.tw/Play/VOD/79612/1M,8/2727/201501/20150115_112607.json
管碧玲,79606,"2015-01-15 10:33:43",立法院第8屆第6會期交通委員會第16次全體委員會議,http://ivod.ly.gov.tw/Play/VOD/79606/1M,8/2727/201501/20150115_103343.json
管碧玲,79509,"2015-01-12 12:03:50",立法院第8屆第6會期外交及國防委員會第31次全體委員會議,http://ivod.ly.gov.tw/Play/VOD/79509/1M,8/2727/201501/20150112_120350.json
管碧玲,79472,"2015-01-12 09:26:30",立法院第8屆第6會期財政委員會第21次全體委員會議,http://ivod.ly.gov.tw/Play/VOD/79472/1M,8/2727/201501/20150112_092630.json
管碧玲,79442,"2015-01-08 11:44:18",立法院第8屆第6會期教育及文化委員會第21次全體委員會議,http://ivod.ly.gov.tw/Play/VOD/79442/1M,8/2727/201501/20150108_114418.json
管碧玲,79418,"2015-01-08 10:24:04",立法院第8屆第6會期交通委員會第14次全體委員會議,http://ivod.ly.gov.tw/Play/VOD/79418/1M,8/2727/201501/20150108_102404.json
管碧玲,79397,"2015-01-07 15:07:52",立法院第8屆第6會期交通委員會第14次全體委員會議,http://ivod.ly.gov.tw/Play/VOD/79397/1M,8/2727/201501/20150107_150752.json
管碧玲,79344,"2015-01-07 10:10:39",立法院第8屆第6會期交通委員會第14次全體委員會議,http://ivod.ly.gov.tw/Play/VOD/79344/1M,8/2727/201501/20150107_101039.json
管碧玲,79248,"2015-01-05 10:45:13",立法院第8屆第6會期教育及文化委員會第21次全體委員會議,http://ivod.ly.gov.tw/Play/VOD/79248/1M,8/2727/201501/20150105_104513.json
管碧玲,79244,"2015-01-05 10:23:43",立法院第8屆第6會期交通委員會第14次全體委員會議議事日程,http://ivod.ly.gov.tw/Play/VOD/79244/1M,8/2727/201501/20150105_102343.json
趙天麟,79475,"2015-01-12 09:29:58",立法院第8屆第6會期財政委員會第21次全體委員會議,http://ivod.ly.gov.tw/Play/VOD/79475/1M,8/2746/201501/20150112_092958.json
趙天麟,79444,"2015-01-08 15:11:28",立法院第8屆第6會期社會福利及衛生環境委員會第30次全體委員會議,http://ivod.ly.gov.tw/Play/VOD/79444/1M,8/2746/201501/20150108_151128.json
趙天麟,79379,"2015-01-07 11:54:48",立法院第8屆第6會期社會福利及衛生環境委員會第29次全體委員會議,http://ivod.ly.gov.tw/Play/VOD/79379/1M,8/2746/201501/20150107_115448.json
劉建國,79455,"2015-01-08 17:11:35",立法院第8屆第6會期社會福利及衛生環境委員會第30次全體委員會議,http://ivod.ly.gov.tw/Play/VOD/79455/1M,8/2728/201501/20150108_171135.json
劉建國,79339,"2015-01-07 10:12:18",立法院第8屆第6會期社會福利及衛生環境委員會第29次全體委員會議,http://ivod.ly.gov.tw/Play/VOD/79339/1M,8/2728/201501/20150107_101218.json
劉櫂豪,79694,"2015-01-21 10:01:39",立法院第8屆第6會期交通委員會第17次全體委員會議,http://ivod.ly.gov.tw/Play/VOD/79694/1M,8/2763/201501/20150121_100139.json
劉櫂豪,79683,"2015-01-20 17:19:45",第8屆第6會期第18次會議,http://ivod.ly.gov.tw/Play/VOD/79683/1M,8/2763/201501/20150120_171945.json
劉櫂豪,79615,"2015-01-15 12:02:56",立法院第8屆第6會期教育及文化委員會第22次全體委員會議,http://ivod.ly.gov.tw/Play/VOD/79615/1M,8/2763/201501/20150115_120256.json
劉櫂豪,79599,"2015-01-15 10:07:51",立法院第8屆第6會期交通委員會第16次全體委員會議,http://ivod.ly.gov.tw/Play/VOD/79599/1M,8/2763/201501/20150115_100751.json
劉櫂豪,79424,"2015-01-08 10:57:49",立法院第8屆第6會期交通委員會第14次全體委員會議,http://ivod.ly.gov.tw/Play/VOD/79424/1M,8/2763/201501/20150108_105749.json
劉櫂豪,79377,"2015-01-07 12:04:41",立法院第8屆第6會期經濟委員會第18次全體委員會議,http://ivod.ly.gov.tw/Play/VOD/79377/1M,8/2763/201501/20150107_120441.json
劉櫂豪,79346,"2015-01-07 10:38:09",立法院第8屆第6會期交通委員會第14次全體委員會議,http://ivod.ly.gov.tw/Play/VOD/79346/1M,8/2763/201501/20150107_103809.json
劉櫂豪,79254,"2015-01-05 11:16:10",立法院第8屆第6會期交通委員會第14次全體委員會議議事日程,http://ivod.ly.gov.tw/Play/VOD/79254/1M,8/2763/201501/20150105_111610.json
潘維剛,79676,"2015-01-20 17:11:28",第8屆第6會期第18次會議,http://ivod.ly.gov.tw/Play/VOD/79676/1M,8/2792/201501/20150120_171128.json
潘維剛,79421,"2015-01-08 10:39:12",立法院第8屆第6會期教育及文化委員會第21次全體委員會議,http://ivod.ly.gov.tw/Play/VOD/79421/1M,8/2792/201501/20150108_103912.json
潘維剛,79223,"2015-01-05 09:27:21",立法院第8屆第6會期教育及文化委員會第21次全體委員會議,http://ivod.ly.gov.tw/Play/VOD/79223/1M,8/2792/201501/20150105_092721.json
蔡正元,79523,"2015-01-12 12:41:52",立法院第8屆第6會期財政委員會第21次全體委員會議,http://ivod.ly.gov.tw/Play/VOD/79523/1M,8/2794/201501/20150112_124152.json
蔡其昌,79697,"2015-01-21 10:15:30",立法院第8屆第6會期交通委員會第17次全體委員會議,http://ivod.ly.gov.tw/Play/VOD/79697/1M,8/2795/201501/20150121_101530.json
蔡其昌,79593,"2015-01-15 09:53:24",立法院第8屆第6會期交通委員會第16次全體委員會議,http://ivod.ly.gov.tw/Play/VOD/79593/1M,8/2795/201501/20150115_095324.json
蔡其昌,79417,"2015-01-08 10:10:13",立法院第8屆第6會期交通委員會第14次全體委員會議,http://ivod.ly.gov.tw/Play/VOD/79417/1M,8/2795/201501/20150108_101013.json
蔡其昌,79345,"2015-01-07 10:24:50",立法院第8屆第6會期交通委員會第14次全體委員會議,http://ivod.ly.gov.tw/Play/VOD/79345/1M,8/2795/201501/20150107_102450.json
蔡其昌,79245,"2015-01-05 10:36:29",立法院第8屆第6會期交通委員會第14次全體委員會議議事日程,http://ivod.ly.gov.tw/Play/VOD/79245/1M,8/2795/201501/20150105_103629.json
蔡煌瑯,79594,"2015-01-15 09:59:54",立法院第8屆第6會期外交及國防委員會第32次全體委員會議〈增列議程〉,http://ivod.ly.gov.tw/Play/VOD/79594/1M,8/2796/201501/20150115_095954.json
蔡煌瑯,79525,"2015-01-12 09:41:07",立法院第8屆第6會期外交及國防委員會第31次全體委員會議,http://ivod.ly.gov.tw/Play/VOD/79525/1M,8/2796/201501/20150112_094107.json
蔡煌瑯,79320,"2015-01-07 10:08:18",立法院第8屆第6會期外交及國防委員會第30次全體委員會議,http://ivod.ly.gov.tw/Play/VOD/79320/1M,8/2796/201501/20150107_100818.json
蔡錦隆,79540,"2015-01-13 17:04:25",第8屆第6會期第17次會議,http://ivod.ly.gov.tw/Play/VOD/79540/1M,8/2827/201501/20150113_170425.json
蔡錦隆,79449,"2015-01-08 16:10:56",立法院第8屆第6會期社會福利及衛生環境委員會第30次全體委員會議,http://ivod.ly.gov.tw/Play/VOD/79449/1M,8/2827/201501/20150108_161056.json
蔡錦隆,79359,"2015-01-07 11:25:47",立法院第8屆第6會期社會福利及衛生環境委員會第29次全體委員會議,http://ivod.ly.gov.tw/Play/VOD/79359/1M,8/2827/201501/20150107_112547.json
蔣乃辛,79679,"2015-01-20 17:14:26",第8屆第6會期第18次會議,http://ivod.ly.gov.tw/Play/VOD/79679/1M,8/2793/201501/20150120_171426.json
蔣乃辛,79616,"2015-01-15 12:13:13",立法院第8屆第6會期教育及文化委員會第22次全體委員會議,http://ivod.ly.gov.tw/Play/VOD/79616/1M,8/2793/201501/20150115_121313.json
蔣乃辛,79596,"2015-01-15 10:03:04",立法院第8屆第6會期教育及文化委員會第22次全體委員會議,http://ivod.ly.gov.tw/Play/VOD/79596/1M,8/2793/201501/20150115_100304.json
蔣乃辛,79542,"2015-01-13 17:07:25",第8屆第6會期第17次會議,http://ivod.ly.gov.tw/Play/VOD/79542/1M,8/2793/201501/20150113_170725.json
蔣乃辛,79482,"2015-01-12 09:52:28",立法院第8屆第6會期司法及法制、教育及文化委員會第1次聯席會議,http://ivod.ly.gov.tw/Play/VOD/79482/1M,8/2793/201501/20150112_095228.json
蔣乃辛,79405,"2015-01-08 09:23:57",立法院第8屆第6會期教育及文化委員會第21次全體委員會議,http://ivod.ly.gov.tw/Play/VOD/79405/1M,8/2793/201501/20150108_092357.json
蔣乃辛,79318,"2015-01-07 09:59:46",立法院第8屆第6會期教育及文化委員會第21次全體委員會議,http://ivod.ly.gov.tw/Play/VOD/79318/1M,8/2793/201501/20150107_095946.json
蔣乃辛,79300,"2015-01-06 17:06:47",第8屆第6會期第16次會議,http://ivod.ly.gov.tw/Play/VOD/79300/1M,8/2793/201501/20150106_170647.json
鄭天財(Sra．Kacaw),79638,"2015-01-19 10:12:54",立法院第8屆第6會期內政、司法及法制委員會第4次聯席會議,http://ivod.ly.gov.tw/Play/VOD/79638/1M,8/2797/201501/20150119_101254.json
鄭天財(Sra．Kacaw),79613,"2015-01-15 11:40:13",立法院第8屆第6會期教育及文化委員會第22次全體委員會議,http://ivod.ly.gov.tw/Play/VOD/79613/1M,8/2797/201501/20150115_114013.json
鄭天財(Sra．Kacaw),79569,"2015-01-14 10:02:39",立法院第8屆第6會期內政、司法及法制委員會第2次聯席會議,http://ivod.ly.gov.tw/Play/VOD/79569/1M,8/2797/201501/20150114_100239.json
鄭天財(Sra．Kacaw),79534,"2015-01-12 16:58:18",立法院第8屆第6會期內政委員會第34次全體委員會議,http://ivod.ly.gov.tw/Play/VOD/79534/1M,8/2797/201501/20150112_165818.json
鄭天財(Sra．Kacaw),79425,"2015-01-08 11:11:27",立法院第8屆第6會期交通委員會第14次全體委員會議,http://ivod.ly.gov.tw/Play/VOD/79425/1M,8/2797/201501/20150108_111127.json
鄭天財(Sra．Kacaw),79431,"2015-01-08 10:30:23",立法院第8屆第6會期內政委員會第33次全體委員會議,http://ivod.ly.gov.tw/Play/VOD/79431/1M,8/2797/201501/20150108_103023.json
鄭天財(Sra．Kacaw),79269,"2015-01-05 10:57:28",立法院第8屆第6會期內政、司法及法制委員會第1次聯席會議,http://ivod.ly.gov.tw/Play/VOD/79269/1M,8/2797/201501/20150105_105728.json
鄭天財(Sra．Kacaw),79282,"2015-01-05 10:31:28",立法院第8屆第6會期司法及法制委員會第24次全體委員會議,http://ivod.ly.gov.tw/Play/VOD/79282/1M,8/2797/201501/20150105_103128.json
鄭汝芬,79657,"2015-01-19 13:20:52",立法院第8屆第6會期經濟委員會第19次全體委員會議,http://ivod.ly.gov.tw/Play/VOD/79657/1M,8/2798/201501/20150119_132052.json
鄭汝芬,79626,"2015-01-16 09:28:33",第8屆第6會期第18次會議,http://ivod.ly.gov.tw/Play/VOD/79626/1M,8/2798/201501/20150116_092833.json
鄭汝芬,79541,"2015-01-13 17:05:45",第8屆第6會期第17次會議,http://ivod.ly.gov.tw/Play/VOD/79541/1M,8/2798/201501/20150113_170545.json
鄭汝芬,79465,"2015-01-09 09:41:48",第8屆第6會期第17次會議,http://ivod.ly.gov.tw/Play/VOD/79465/1M,8/2798/201501/20150109_094148.json
鄭汝芬,79364,"2015-01-07 11:42:40",立法院第8屆第6會期交通委員會第14次全體委員會議,http://ivod.ly.gov.tw/Play/VOD/79364/1M,8/2798/201501/20150107_114240.json
鄭汝芬,79341,"2015-01-07 10:33:17",立法院第8屆第6會期社會福利及衛生環境委員會第29次全體委員會議,http://ivod.ly.gov.tw/Play/VOD/79341/1M,8/2798/201501/20150107_103317.json
鄭麗君,79614,"2015-01-15 11:53:12",立法院第8屆第6會期教育及文化委員會第22次全體委員會議,http://ivod.ly.gov.tw/Play/VOD/79614/1M,8/2799/201501/20150115_115312.json
鄭麗君,79420,"2015-01-08 10:25:54",立法院第8屆第6會期教育及文化委員會第21次全體委員會議,http://ivod.ly.gov.tw/Play/VOD/79420/1M,8/2799/201501/20150108_102554.json
鄭麗君,79352,"2015-01-07 11:05:22",立法院第8屆第6會期教育及文化委員會第21次全體委員會議,http://ivod.ly.gov.tw/Play/VOD/79352/1M,8/2799/201501/20150107_110522.json
鄭麗君,79239,"2015-01-05 10:17:59",立法院第8屆第6會期教育及文化委員會第21次全體委員會議,http://ivod.ly.gov.tw/Play/VOD/79239/1M,8/2799/201501/20150105_101759.json
盧秀燕,79747,"2015-01-23 17:14:06",第8屆第6會期第19次會議,http://ivod.ly.gov.tw/Play/VOD/79747/1M,8/2768/201501/20150123_171406.json
盧秀燕,79699,"2015-01-21 10:29:36",立法院第8屆第6會期財政委員會第22次全體委員會議,http://ivod.ly.gov.tw/Play/VOD/79699/1M,8/2768/201501/20150121_102936.json
盧秀燕,79512,"2015-01-12 12:10:51",立法院第8屆第6會期財政委員會第21次全體委員會議,http://ivod.ly.gov.tw/Play/VOD/79512/1M,8/2768/201501/20150112_121051.json
盧秀燕,79514,"2015-01-12 11:11:09",立法院第8屆第6會期經濟、財政兩委員會第1次聯席會議,http://ivod.ly.gov.tw/Play/VOD/79514/1M,8/2768/201501/20150112_111109.json
盧秀燕,79409,"2015-01-08 09:42:02",立法院第8屆第6會期財政委員會第20次全體委員會議,http://ivod.ly.gov.tw/Play/VOD/79409/1M,8/2768/201501/20150108_094202.json
盧秀燕,79389,"2015-01-07 14:30:20",立法院第8屆第6會期外交及國防委員會第30次全體委員會議,http://ivod.ly.gov.tw/Play/VOD/79389/1M,8/2768/201501/20150107_143020.json
盧秀燕,79321,"2015-01-07 10:18:11",立法院第8屆第6會期財政委員會第20次全體委員會議,http://ivod.ly.gov.tw/Play/VOD/79321/1M,8/2768/201501/20150107_101811.json
盧秀燕,79293,"2015-01-06 11:18:09",第8屆第6會期第16次會議,http://ivod.ly.gov.tw/Play/VOD/79293/1M,8/2768/201501/20150106_111809.json
盧嘉辰,79711,"2015-01-21 11:03:11",立法院第8屆第6會期內政委員會第35次全體委員會議,http://ivod.ly.gov.tw/Play/VOD/79711/1M,8/2800/201501/20150121_110311.json
盧嘉辰,79678,"2015-01-20 17:13:33",第8屆第6會期第18次會議,http://ivod.ly.gov.tw/Play/VOD/79678/1M,8/2800/201501/20150120_171333.json
盧嘉辰,79635,"2015-01-19 09:29:21",立法院第8屆第6會期內政、司法及法制委員會第4次聯席會議,http://ivod.ly.gov.tw/Play/VOD/79635/1M,8/2800/201501/20150119_092921.json
盧嘉辰,79580,"2015-01-14 14:51:06",立法院第8屆第6會期內政、司法及法制委員會第2次聯席會議,http://ivod.ly.gov.tw/Play/VOD/79580/1M,8/2800/201501/20150114_145106.json
盧嘉辰,79527,"2015-01-12 15:34:55",立法院第8屆第6會期內政委員會第34次全體委員會議,http://ivod.ly.gov.tw/Play/VOD/79527/1M,8/2800/201501/20150112_153455.json
盧嘉辰,79430,"2015-01-08 10:18:10",立法院第8屆第6會期內政委員會第33次全體委員會議,http://ivod.ly.gov.tw/Play/VOD/79430/1M,8/2800/201501/20150108_101810.json
盧嘉辰,79302,"2015-01-06 17:09:48",第8屆第6會期第16次會議,http://ivod.ly.gov.tw/Play/VOD/79302/1M,8/2800/201501/20150106_170948.json
盧嘉辰,79275,"2015-01-05 12:21:39",立法院第8屆第6會期內政、司法及法制委員會第1次聯席會議,http://ivod.ly.gov.tw/Play/VOD/79275/1M,8/2800/201501/20150105_122139.json
蕭美琴,79739,"2015-01-23 14:13:36",第8屆第6會期第19次會議,http://ivod.ly.gov.tw/Play/VOD/79739/1M,8/2733/201501/20150123_141336.json
蕭美琴,79662,"2015-01-20 12:24:48",第8屆第6會期程序委員會第19次會議,http://ivod.ly.gov.tw/Play/VOD/79662/1M,8/2733/201501/20150120_122448.json
蕭美琴,79607,"2015-01-15 10:55:41",立法院第8屆第6會期外交及國防委員會第32次全體委員會議〈增列議程〉,http://ivod.ly.gov.tw/Play/VOD/79607/1M,8/2733/201501/20150115_105541.json
蕭美琴,79499,"2015-01-12 10:57:32",立法院第8屆第6會期外交及國防委員會第31次全體委員會議,http://ivod.ly.gov.tw/Play/VOD/79499/1M,8/2733/201501/20150112_105732.json
蕭美琴,79367,"2015-01-07 11:42:20",立法院第8屆第6會期外交及國防委員會第30次全體委員會議,http://ivod.ly.gov.tw/Play/VOD/79367/1M,8/2733/201501/20150107_114220.json
蕭美琴,79243,"2015-01-05 10:47:04",立法院第8屆第6會期外交及國防委員會第29次全體委員會議,http://ivod.ly.gov.tw/Play/VOD/79243/1M,8/2733/201501/20150105_104704.json
賴士葆,79696,"2015-01-21 10:17:51",立法院第8屆第6會期財政委員會第22次全體委員會議,http://ivod.ly.gov.tw/Play/VOD/79696/1M,8/2818/201501/20150121_101751.json
賴士葆,79680,"2015-01-20 17:15:53",第8屆第6會期第18次會議,http://ivod.ly.gov.tw/Play/VOD/79680/1M,8/2818/201501/20150120_171553.json
賴士葆,79546,"2015-01-13 17:12:12",第8屆第6會期第17次會議,http://ivod.ly.gov.tw/Play/VOD/79546/1M,8/2818/201501/20150113_171212.json
賴士葆,79504,"2015-01-12 11:25:44",立法院第8屆第6會期財政委員會第21次全體委員會議,http://ivod.ly.gov.tw/Play/VOD/79504/1M,8/2818/201501/20150112_112544.json
賴士葆,79493,"2015-01-12 10:00:32",立法院第8屆第6會期經濟、財政兩委員會第1次聯席會議,http://ivod.ly.gov.tw/Play/VOD/79493/1M,8/2818/201501/20150112_100032.json
賴士葆,79411,"2015-01-08 10:04:39",立法院第8屆第6會期財政委員會第20次全體委員會議,http://ivod.ly.gov.tw/Play/VOD/79411/1M,8/2818/201501/20150108_100439.json
賴士葆,79373,"2015-01-07 11:23:12",立法院第8屆第6會期經濟委員會第18次全體委員會議,http://ivod.ly.gov.tw/Play/VOD/79373/1M,8/2818/201501/20150107_112312.json
賴士葆,79319,"2015-01-07 10:06:34",立法院第8屆第6會期財政委員會第20次全體委員會議,http://ivod.ly.gov.tw/Play/VOD/79319/1M,8/2818/201501/20150107_100634.json
賴士葆,79304,"2015-01-06 17:12:19",第8屆第6會期第16次會議,http://ivod.ly.gov.tw/Play/VOD/79304/1M,8/2818/201501/20150106_171219.json
賴振昌,79749,"2015-01-23 18:44:56",第8屆第6會期第19次會議,http://ivod.ly.gov.tw/Play/VOD/79749/1M,8/2814/201501/20150123_184456.json
賴振昌,79742,"2015-01-23 14:20:25",第8屆第6會期第19次會議,http://ivod.ly.gov.tw/Play/VOD/79742/1M,8/2814/201501/20150123_142025.json
賴振昌,79729,"2015-01-22 15:29:40",第8屆第6會期第19次會議,http://ivod.ly.gov.tw/Play/VOD/79729/1M,8/2814/201501/20150122_152940.json
賴振昌,79667,"2015-01-20 16:14:42",第8屆第6會期第18次會議,http://ivod.ly.gov.tw/Play/VOD/79667/1M,8/2814/201501/20150120_161442.json
賴振昌,79506,"2015-01-12 11:36:14",立法院第8屆第6會期財政委員會第21次全體委員會議,http://ivod.ly.gov.tw/Play/VOD/79506/1M,8/2814/201501/20150112_113614.json
賴振昌,79496,"2015-01-12 10:40:46",立法院第8屆第6會期經濟、財政兩委員會第1次聯席會議,http://ivod.ly.gov.tw/Play/VOD/79496/1M,8/2814/201501/20150112_104046.json
賴振昌,79459,"2015-01-09 09:15:39",第8屆第6會期第17次會議,http://ivod.ly.gov.tw/Play/VOD/79459/1M,8/2814/201501/20150109_091539.json
賴振昌,79434,"2015-01-08 11:10:12",立法院第8屆第6會期內政委員會第33次全體委員會議,http://ivod.ly.gov.tw/Play/VOD/79434/1M,8/2814/201501/20150108_111012.json
賴振昌,79412,"2015-01-08 10:15:42",立法院第8屆第6會期財政委員會第20次全體委員會議,http://ivod.ly.gov.tw/Play/VOD/79412/1M,8/2814/201501/20150108_101542.json
賴振昌,79396,"2015-01-07 15:10:09",立法院第8屆第6會期外交及國防委員會第30次全體委員會議,http://ivod.ly.gov.tw/Play/VOD/79396/1M,8/2814/201501/20150107_151009.json
賴振昌,79393,"2015-01-07 14:40:34",立法院第8屆第6會期交通委員會第14次全體委員會議,http://ivod.ly.gov.tw/Play/VOD/79393/1M,8/2814/201501/20150107_144034.json
賴振昌,79382,"2015-01-07 12:07:55",立法院第8屆第6會期教育及文化委員會第21次全體委員會議,http://ivod.ly.gov.tw/Play/VOD/79382/1M,8/2814/201501/20150107_120755.json
賴振昌,79351,"2015-01-07 11:05:06",立法院第8屆第6會期財政委員會第20次全體委員會議,http://ivod.ly.gov.tw/Play/VOD/79351/1M,8/2814/201501/20150107_110506.json
賴振昌,79297,"2015-01-06 17:03:01",第8屆第6會期第16次會議,http://ivod.ly.gov.tw/Play/VOD/79297/1M,8/2814/201501/20150106_170301.json
賴振昌,79294,"2015-01-06 11:19:56",第8屆第6會期第16次會議,http://ivod.ly.gov.tw/Play/VOD/79294/1M,8/2814/201501/20150106_111956.json
賴振昌,79260,"2015-01-05 11:50:23",立法院第8屆第6會期外交及國防委員會第29次全體委員會議,http://ivod.ly.gov.tw/Play/VOD/79260/1M,8/2814/201501/20150105_115023.json
薛凌,79700,"2015-01-21 10:38:58",立法院第8屆第6會期財政委員會第22次全體委員會議,http://ivod.ly.gov.tw/Play/VOD/79700/1M,8/2734/201501/20150121_103858.json
薛凌,79688,"2015-01-21 09:21:20",立法院第8屆第6會期財政委員會第22次全體委員會議,http://ivod.ly.gov.tw/Play/VOD/79688/1M,8/2734/201501/20150121_092120.json
薛凌,79333,"2015-01-07 10:30:41",立法院第8屆第6會期財政委員會第20次全體委員會議,http://ivod.ly.gov.tw/Play/VOD/79333/1M,8/2734/201501/20150107_103041.json
簡東明,79551,"2015-01-13 17:17:54",第8屆第6會期第17次會議,http://ivod.ly.gov.tw/Play/VOD/79551/1M,8/2813/201501/20150113_171754.json
簡東明,79533,"2015-01-12 16:46:19",立法院第8屆第6會期內政委員會第34次全體委員會議,http://ivod.ly.gov.tw/Play/VOD/79533/1M,8/2813/201501/20150112_164619.json
簡東明,79303,"2015-01-06 17:11:09",第8屆第6會期第16次會議,http://ivod.ly.gov.tw/Play/VOD/79303/1M,8/2813/201501/20150106_171109.json
簡東明,79272,"2015-01-05 11:42:10",立法院第8屆第6會期內政、司法及法制委員會第1次聯席會議,http://ivod.ly.gov.tw/Play/VOD/79272/1M,8/2813/201501/20150105_114210.json
簡東明,79251,"2015-01-05 11:00:06",立法院第8屆第6會期外交及國防委員會第29次全體委員會議,http://ivod.ly.gov.tw/Play/VOD/79251/1M,8/2813/201501/20150105_110006.json
顏寬恒,79669,"2015-01-20 17:01:45",第8屆第6會期第18次會議,http://ivod.ly.gov.tw/Play/VOD/79669/1M,8/2731/201501/20150120_170145.json
顏寬恒,79686,"2015-01-20 10:18:04",第8屆第6會期第18次會議,http://ivod.ly.gov.tw/Play/VOD/79686/1M,8/2731/201501/20150120_101804.json
羅明才,79716,"2015-01-21 11:38:29",立法院第8屆第6會期財政委員會第22次全體委員會議,http://ivod.ly.gov.tw/Play/VOD/79716/1M,8/2730/201501/20150121_113829.json
羅明才,79524,"2015-01-12 12:52:39",立法院第8屆第6會期財政委員會第21次全體委員會議,http://ivod.ly.gov.tw/Play/VOD/79524/1M,8/2730/201501/20150112_125239.json
羅明才,79388,"2015-01-07 11:40:19",立法院第8屆第6會期財政委員會第20次全體委員會議,http://ivod.ly.gov.tw/Play/VOD/79388/1M,8/2730/201501/20150107_114019.json
羅淑蕾,79692,"2015-01-21 09:48:41",立法院第8屆第6會期交通委員會第17次全體委員會議,http://ivod.ly.gov.tw/Play/VOD/79692/1M,8/2736/201501/20150121_094841.json
羅淑蕾,79685,"2015-01-20 17:22:17",第8屆第6會期第18次會議,http://ivod.ly.gov.tw/Play/VOD/79685/1M,8/2736/201501/20150120_172217.json
羅淑蕾,79587,"2015-01-15 09:25:51",立法院第8屆第6會期交通委員會第16次全體委員會議,http://ivod.ly.gov.tw/Play/VOD/79587/1M,8/2736/201501/20150115_092551.json
羅淑蕾,79545,"2015-01-13 17:11:10",第8屆第6會期第17次會議,http://ivod.ly.gov.tw/Play/VOD/79545/1M,8/2736/201501/20150113_171110.json
羅淑蕾,79416,"2015-01-08 09:57:06",立法院第8屆第6會期交通委員會第14次全體委員會議,http://ivod.ly.gov.tw/Play/VOD/79416/1M,8/2736/201501/20150108_095706.json
羅淑蕾,79309,"2015-01-07 09:17:47",立法院第8屆第6會期交通委員會第14次全體委員會議,http://ivod.ly.gov.tw/Play/VOD/79309/1M,8/2736/201501/20150107_091747.json
羅淑蕾,79296,"2015-01-06 17:02:00",第8屆第6會期第16次會議,http://ivod.ly.gov.tw/Play/VOD/79296/1M,8/2736/201501/20150106_170200.json
羅淑蕾,79221,"2015-01-05 09:30:06",立法院第8屆第6會期交通委員會第14次全體委員會議議事日程,http://ivod.ly.gov.tw/Play/VOD/79221/1M,8/2736/201501/20150105_093006.json
蘇清泉,79656,"2015-01-19 13:09:47",立法院第8屆第6會期經濟委員會第19次全體委員會議,http://ivod.ly.gov.tw/Play/VOD/79656/1M,8/2769/201501/20150119_130947.json
蘇清泉,79548,"2015-01-13 17:14:14",第8屆第6會期第17次會議,http://ivod.ly.gov.tw/Play/VOD/79548/1M,8/2769/201501/20150113_171414.json
蘇清泉,79448,"2015-01-08 15:54:06",立法院第8屆第6會期社會福利及衛生環境委員會第30次全體委員會議,http://ivod.ly.gov.tw/Play/VOD/79448/1M,8/2769/201501/20150108_155406.json
蘇清泉,79250,"2015-01-05 11:07:06",立法院第8屆第6會期教育及文化委員會第21次全體委員會議,http://ivod.ly.gov.tw/Play/VOD/79250/1M,8/2769/201501/20150105_110706.json
蘇震清,79723,"2015-01-21 11:43:51",立法院第8屆第6會期經濟委員會第19次全體委員會議,http://ivod.ly.gov.tw/Play/VOD/79723/1M,8/2816/201501/20150121_114351.json
蘇震清,79659,"2015-01-19 12:43:41",立法院第8屆第6會期經濟委員會第19次全體委員會議,http://ivod.ly.gov.tw/Play/VOD/79659/1M,8/2816/201501/20150119_124341.json
蘇震清,79563,"2015-01-14 10:27:08",立法院第8屆第6會期經濟、司法及法制兩委員會第1次聯席會議,http://ivod.ly.gov.tw/Play/VOD/79563/1M,8/2816/201501/20150114_102708.json
蘇震清,79515,"2015-01-12 11:26:02",立法院第8屆第6會期經濟、財政兩委員會第1次聯席會議,http://ivod.ly.gov.tw/Play/VOD/79515/1M,8/2816/201501/20150112_112602.json
蘇震清,79370,"2015-01-07 10:50:21",立法院第8屆第6會期經濟委員會第18次全體委員會議,http://ivod.ly.gov.tw/Play/VOD/79370/1M,8/2816/201501/20150107_105021.json
